camp,dist,teh,uc,type,day,exp,m,f,att,new,dur,overall,attpct,q01,q02,q03,q04,q05,q06,q07,q08,q09,q10,q11,q12,q13,q14,q15,q16,q17,q18,q19,q20,q21,q22,q23,q24,q25,q26,q27,q28,q29,q30,q31,q32
NID OCT 2025,PESHAWAR,SHAH ALAM,KAFOOR DHERI,CBV,1,5,4,1,5,0,240,1,1,1,1,1,1,1,1,1,1,1,1,1,1,1,1,1,1,1,1,1,1,1,1,1,1,1,1,1,1,0,1,0,1
NID OCT 2025,PESHAWAR,CITY,REGI,CBV,1,19,5,15,20,0,240,1,1.05263,1,1,1,1,1,1,1,1,1,1,1,1,1,1,1,1,1,1,1,1,1,1,1,1,1,1,1,1,1,1,0,1
NID OCT 2025,PESHAWAR,SADDAR,URMAR MIANA,CBV,1,26,11,12,23,0,240,1,.88462,1,1,1,1,1,1,1,1,1,1,1,1,1,1,1,1,1,1,1,1,1,1,1,1,1,1,1,1,1,1,0,1
NID OCT 2025,MOHMAND,EKKAGHUND,EKKAGHUND,SMT,1,28,23,5,28,5,360,.96667,1,1,1,1,1,1,1,1,1,1,1,1,1,1,1,1,1,1,1,1,1,1,1,1,1,1,1,1,0,1,1,0,1
NID OCT 2025,NOWSHERA,NOWSHERA,BARA BANDA:RASHAKAI,MT,1,20,20,5,25,3,300,1,1.25,1,1,1,1,1,1,1,1,1,1,1,1,1,1,1,1,1,1,1,1,1,1,1,1,1,1,1,1,0,1,0,1
NID OCT 2025,NOWSHERA,NOWSHERA,GANDHERI:KHESHGI BALA:KHESHGI PAYAN,MT,1,30,22,8,30,6,240,1,1,1,1,1,1,1,1,1,1,1,1,1,1,1,1,1,1,1,1,1,1,1,1,1,1,1,1,1,1,0,1,0,1
NID OCT 2025,KHYBER,JAMRUD,ALI MASJID A:ALI MASJID B,CBV,1,12,11,0,11,0,180,.93333,.91667,1,1,1,1,1,1,1,1,1,1,1,1,1,1,1,1,1,1,1,1,1,1,1,1,1,1,0,0,0,1,0,1
NID OCT 2025,PESHAWAR,CITY,HASAN GARHI 2,CBV,1,24,3,21,24,0,230,.93333,1,1,1,1,1,1,1,1,1,1,1,1,1,1,1,1,1,1,1,1,1,1,1,1,1,1,1,0,0,1,1,0,1
NID OCT 2025,PESHAWAR,MATTANI,SHEIKH MOHAMMADI,CBV,1,7,1,6,7,0,240,1,1,1,1,1,1,1,1,1,1,1,1,1,1,1,1,1,1,1,1,1,1,1,1,1,1,1,1,1,1,0,1,1,1
NID OCT 2025,PESHAWAR,CITY,HAYAT ABAD 1:HAYAT ABAD 2,CBV,1,32,30,21,51,0,240,1,1.59375,1,1,1,1,1,1,1,1,1,1,1,1,1,1,1,1,1,1,1,1,1,1,1,1,1,1,1,1,1,1,0,1
NID OCT 2025,PESHAWAR,MATTANI,ACHINI:SARBAND,CBV,1,18,5,12,17,2,240,.96667,.94444,1,1,1,1,1,1,1,1,1,1,1,1,1,1,1,1,1,1,1,0,1,1,1,1,1,1,1,1,1,1,0,1
NID OCT 2025,CHARSADA,SHABQADAR,BATTAGRAM:KANGRA:DAULAT PURA:HAJIZAI,MT,1,27,10,16,26,8,300,.88889,.96296,1,1,1,1,1,0,1,1,0,1,1,0,,,,1,1,1,1,1,1,1,1,1,1,1,1,1,1,1,0,1
NID OCT 2025,PESHAWAR,HASSAN KHEL,BARKI:BORA:FARIDI:HASSAN KHEL:KOHI:MANDAI,MT,1,26,24,2,26,0,240,1,1,1,1,1,1,1,1,1,1,1,1,1,1,1,1,1,1,1,1,1,1,1,1,1,1,1,1,1,1,1,1,1,1
NID OCT 2025,CHARSADA,TANGI,ABAZAI:GANDHERI:MC TANGI,MT,1,27,17,6,23,0,240,1,.85185,1,1,1,1,1,1,1,1,1,1,1,1,1,1,1,1,1,1,1,1,1,1,1,1,1,1,1,1,1,1,1,1
NID OCT 2025,PESHAWAR,CITY,SIKANDAR TOWN,CBV,1,15,3,12,15,15,240,1,1,1,1,1,1,1,1,1,1,1,1,1,1,1,1,1,1,1,1,1,1,1,1,1,1,1,1,1,1,0,1,0,1
NID OCT 2025,MOHMAND,PANDIALI,DANISHKOOL:PANDIALI,MT,1,13,13,0,13,4,240,.86667,1,1,1,1,1,0,1,0,1,1,1,1,1,1,0,1,1,1,0,1,1,1,1,1,1,1,1,1,1,1,1,1,1
NID OCT 2025,PESHAWAR,CITY,MEHAL TERAI 1:MEHAL TERAI 2,CBV,1,20,2,18,20,0,240,.96296,1,1,1,1,1,1,1,1,1,1,1,1,0,,,,1,1,1,1,1,1,1,1,1,1,1,1,1,0,1,0,1
NID OCT 2025,MOHMAND,SAFI LAKARO,ALINGAR:MAMAD GAT:SAGAI,MT,1,21,21,0,21,0,240,.9,1,1,1,1,1,0,0,0,1,1,1,1,1,1,1,1,1,1,1,1,1,1,1,1,1,1,1,1,1,0,1,0,1
NID OCT 2025,PESHAWAR,CITY,SHAHI BAGH,CBV,1,5,0,5,5,1,240,1,1,1,1,1,1,1,1,1,1,1,1,1,1,1,1,1,1,1,1,1,1,1,1,1,1,1,1,1,1,0,1,0,1
NID OCT 2025,CHARSADA,SHABQADAR,MC-1 SHABQADAR:MC-2 SHABQADAR:MC-3 SHABQADAR:RASHAKI,MT,1,26,22,2,24,2,240,1,.92308,1,1,1,1,1,1,1,1,1,1,1,1,1,1,1,1,1,1,1,1,1,1,1,1,1,1,1,1,1,1,0,1
NID OCT 2025,KHYBER,JAMRUD,ALI MASJID A:ALI MASJID B:CHAPARI:GHUNDI A:GHUNDI B:LOWARA MIANA:MIA MORCHA:NEW ABADI:PAINDI LALMA:S,CBV,1,13,13,0,13,0,180,.93333,1,1,1,1,1,1,1,1,1,1,1,1,1,1,1,1,1,1,1,1,1,1,1,1,1,1,1,0,0,1,1,0,1
NID OCT 2025,KHYBER,BARA,ABDULLAH JAN,CBV,2,7,7,0,7,0,240,.96667,1,1,1,1,1,1,0,1,1,1,1,1,1,1,1,1,1,1,1,1,1,1,1,1,1,1,1,1,1,0,1,0,1
NID OCT 2025,MOHMAND,AMBAR,CHARGOLAI:HAD KOR:KHARAI,MT,1,20,20,0,20,8,220,.77778,1,1,1,1,1,1,1,1,1,0,1,1,0,,,,1,1,0,1,1,1,0,1,1,1,1,0,0,1,1,0,1
NID OCT 2025,CHARSADA,CHARSADDA,DHERI ZARDAD:DOSEHRA:NISATTA,MT,1,25,13,12,25,6,240,1,1,1,1,1,1,1,1,1,1,1,1,1,1,1,1,1,1,1,1,1,1,1,1,1,1,1,1,1,1,1,1,0,1
NID OCT 2025,KHYBER,JAMRUD,TIDI BAZAR:SUR KAMAR:CHAPARI,CBV,2,21,19,0,19,0,180,.93333,.90476,1,1,1,1,1,1,1,1,1,1,1,1,1,1,1,1,1,1,1,1,1,1,1,1,1,1,0,0,1,1,0,1
NID OCT 2025,KHYBER,JAMRUD,ALI MASJID B:ALI MASJID A,CBV,2,12,11,0,11,0,180,.93333,.91667,1,1,1,1,1,1,1,1,1,1,1,1,1,1,1,1,1,1,1,1,1,1,1,1,1,1,0,0,0,1,0,1
NID OCT 2025,PESHAWAR,SADDAR,BADABER HUREZAI:BADABER MARYAMZAI,CBV,2,10,5,5,10,0,235,.89286,1,1,1,1,1,1,1,1,1,1,1,1,1,1,1,1,0,,,1,1,1,1,1,1,1,1,0,0,0,1,0,1
NID OCT 2025,CHARSADA,SHABQADAR,MC-1 SHABQADAR,MT,2,26,24,2,26,2,200,.93333,1,1,1,1,1,1,1,1,1,1,1,1,1,1,1,1,1,1,1,1,1,1,1,1,1,1,1,0,0,0,1,0,1
NID OCT 2025,PESHAWAR,SADDAR,URMAR BALA,CBV,2,17,10,7,17,1,210,.93333,1,1,1,1,1,1,1,1,1,1,1,1,1,1,1,1,1,1,1,1,1,1,1,1,1,1,1,0,0,0,1,0,1
NID OCT 2025,CHARSADA,TANGI,ZIAM:HARICHAND:KOZ BEHRAM DHERI:SHODAAG:MANDANI,MT,1,29,19,7,26,7,240,1,.89655,1,1,1,1,1,1,1,1,1,1,1,1,1,1,1,1,1,1,1,1,1,1,1,1,1,1,1,1,1,1,0,1
NID OCT 2025,PESHAWAR,SMT,NOTHIA JADEED,CBV,2,14,3,11,14,0,240,1,1,1,1,1,1,1,1,1,1,1,1,1,1,1,1,1,1,1,1,1,1,1,1,1,1,1,1,1,1,0,1,0,1
NID OCT 2025,PESHAWAR,SMT,YAKATOOT 3,CBV,2,14,3,11,14,0,240,.96667,1,1,1,1,1,1,1,1,1,1,1,1,1,1,1,1,1,1,1,1,1,1,1,1,1,1,1,1,1,0,0,0,1
NID OCT 2025,MOHMAND,BAIZAI,GHANAM SHAH,MT,1,20,19,0,19,1,260,.96667,.95,1,1,1,1,1,1,1,1,1,1,1,1,1,0,1,1,1,1,1,1,1,1,1,1,1,1,1,1,1,1,0,1
NID OCT 2025,MOHMAND,BAIZAI,GHANAM SHAH,MT,2,20,19,0,19,1,280,1,.95,1,1,1,1,1,1,1,1,1,1,1,1,1,1,1,1,1,1,1,1,1,1,1,1,1,1,1,1,0,1,0,1
NID OCT 2025,MOHMAND,SAFI LAKARO,ALINGAR:MAMAD GAT:SAGAI,MT,2,21,21,0,21,0,280,.9,1,1,1,1,1,0,0,0,1,1,1,1,1,1,1,1,1,1,1,1,1,1,1,1,1,1,1,1,1,0,1,0,1
NID OCT 2025,MOHMAND,PARANG GHAAR,ASGHAR:NAO BUCHA:UMAR KHEL,MT,1,16,13,3,16,0,300,.96667,1,1,1,1,1,1,1,1,1,1,1,1,1,1,1,1,1,1,1,1,1,1,1,1,1,1,1,1,1,1,0,1,1
NID OCT 2025,MOHMAND,AMBAR,CHARGOLAI:HAD KOR:KHARAI,MT,2,20,12,0,12,0,220,.8,.6,1,1,1,1,0,1,1,1,0,0,1,1,1,1,0,1,1,1,1,1,1,1,1,1,1,1,0,0,1,1,0,1
NID OCT 2025,MOHMAND,KHAWEZAI,JUMA KHEL:KHADI KHEL,MT,2,9,8,0,8,0,290,.92857,.88889,1,1,1,1,1,1,1,1,1,1,1,1,1,1,1,0,,,1,1,1,1,1,1,1,1,1,1,1,1,0,0
NID OCT 2025,MOHMAND,KHAWEZAI,JUMA KHEL:KHADI KHEL,MT,1,9,8,0,8,0,300,.96296,.88889,1,1,1,1,1,1,1,1,1,1,1,0,,,,1,1,1,1,1,1,1,1,1,1,1,1,1,1,1,0,1
NID OCT 2025,MOHMAND,HALEEMZAI,GHALLANAI:KAMALI:KASSI,MT,1,23,20,0,20,0,249,1,.86957,1,1,1,1,1,1,1,1,1,1,1,1,1,1,1,1,1,1,1,1,1,1,1,1,1,1,1,1,1,1,0,1
NID OCT 2025,MOHMAND,HALEEMZAI,KASSI:KAMALI:GHALLANAI,MT,2,23,23,0,23,0,260,.96667,1,1,1,1,1,1,1,1,1,1,1,1,1,1,1,1,1,1,1,1,1,1,1,1,1,1,1,1,1,1,1,0,0
NID OCT 2025,KHYBER,TIRAH MAIDAN,PAGDARA:Seray,SMT,2,9,9,0,9,0,200,.93333,1,1,1,1,1,1,1,1,1,1,1,1,1,1,1,1,1,1,1,1,1,1,1,1,1,1,1,0,0,0,1,0,1
NID OCT 2025,PESHAWAR,SADDAR,URMAR BALA,CBV,1,26,11,12,23,0,240,1,.88462,1,1,1,1,1,1,1,1,1,1,1,1,1,1,1,1,1,1,1,1,1,1,1,1,1,1,1,1,1,1,0,1
NID OCT 2025,PESHAWAR,SHAH ALAM,LALA KALAY,CBV,1,16,1,15,16,16,150,.93333,1,1,1,1,1,1,1,1,1,1,1,1,1,1,1,1,1,1,1,1,1,1,1,1,1,1,1,0,0,0,1,0,1
NID OCT 2025,KHYBER,BARA,AKAKHEL MAIRA,CBV,2,9,9,0,9,0,240,.96667,1,1,1,1,1,1,1,1,1,1,1,1,1,1,0,1,1,1,1,1,1,1,1,1,1,1,1,1,1,1,1,0,1
NID OCT 2025,KHYBER,TIRAH MAIDAN,ZAKHAKHEL TIRAH,CBV,1,10,10,0,10,0,180,.89286,1,1,1,1,1,1,1,1,1,1,1,1,1,1,1,1,0,,,1,1,1,1,1,1,1,1,0,0,0,1,0,1
NID OCT 2025,PESHAWAR,CITY,KHALSA 2,CBV,1,20,0,20,20,0,320,.96667,1,1,1,1,1,1,1,1,1,1,1,1,1,1,1,1,1,1,1,1,1,1,1,1,1,1,1,1,0,0,1,0,1
NID OCT 2025,PESHAWAR,SADDAR,URMAR PAYAN,CBV,2,4,0,4,4,4,245,1,1,1,1,1,1,1,1,1,1,1,1,1,1,1,1,1,1,1,1,1,1,1,1,1,1,1,1,1,1,1,1,0,1
NID OCT 2025,PESHAWAR,CITY,HASAN GARHI 1,CBV,1,20,20,20,40,0,240,1,2,1,1,1,1,1,1,1,1,1,1,1,1,1,1,1,1,1,1,1,1,1,1,1,1,1,1,1,1,0,1,1,1
NID OCT 2025,KHYBER,LANDI KOTAL,MIRDAD KHEL,CBV,1,10,10,0,10,0,360,.96667,1,1,1,1,1,1,1,1,1,1,1,1,1,1,1,1,1,1,1,1,1,1,1,1,1,1,1,1,0,1,1,0,1
NID OCT 2025,PESHAWAR,CITY,KHALSA 2,CBV,2,19,0,19,19,0,330,.96667,1,1,1,1,1,1,1,1,1,1,1,1,1,1,1,1,1,1,1,1,1,1,1,1,1,1,1,1,0,0,1,0,1
NID OCT 2025,PESHAWAR,CITY,HASAN GARHI 1,CBV,2,17,0,17,17,2,240,1,1,1,1,1,1,1,1,1,1,1,1,1,1,1,1,1,1,1,1,1,1,1,1,1,1,1,1,1,1,0,1,0,1
NID OCT 2025,MOHMAND,EKKAGHUND,AQRAB DAG,MT,2,19,0,19,19,0,36,.93333,1,1,1,1,1,1,1,1,1,1,1,1,1,1,1,1,1,1,1,1,1,1,1,1,1,1,1,0,0,0,1,0,1
NID OCT 2025,MOHMAND,EKKAGHUND,EKKAGHUND,MT,1,25,0,25,25,1,360,.96667,1,1,1,1,1,1,1,1,1,1,1,1,1,1,1,1,1,1,1,1,1,1,1,1,1,1,1,1,0,0,1,0,1
NID OCT 2025,CHARSADA,CHARSADDA,RAJJAR 1,MT,2,16,1,15,16,0,180,.93333,1,1,1,1,1,1,1,1,1,1,1,1,1,1,1,1,1,1,1,1,1,1,1,1,1,1,1,0,0,0,1,0,1
NID OCT 2025,PESHAWAR,HASSAN KHEL,HASSAN KHEL,MT,1,26,25,1,26,0,240,1,1,1,1,1,1,1,1,1,1,1,1,1,1,1,1,1,1,1,1,1,1,1,1,1,1,1,1,1,1,0,1,0,1
NID OCT 2025,PESHAWAR,CITY,CANTT WARD 1,CBV,1,17,0,17,17,0,300,1,1,1,1,1,1,1,1,1,1,1,1,1,1,1,1,1,1,1,1,1,1,1,1,1,1,1,1,1,1,0,1,0,1
NID OCT 2025,KHYBER,BARA,FORT SLOPE:TAUDA CHEENA,CBV,1,16,16,0,16,0,180,.93333,1,1,1,1,1,1,1,1,1,1,1,1,1,1,1,1,1,1,1,1,1,1,1,1,1,1,1,0,0,1,1,0,1
NID DEC 2025,KHYBER,BARA,AKAKHEL MAIRA:ABDULLAH JAN:AJAB TALAB,CBV,2,28,28,0,28,0,180,.9,1,1,1,1,1,1,1,0,1,1,1,1,1,1,1,1,1,1,1,1,1,1,1,1,1,1,1,0,0,0,1,0,1
NID DEC 2025,KHYBER,JAMRUD,SUR KAMAR:TIDI BAZAR:CHAPARI,CBV,2,23,20,0,20,0,150,.9,.86957,1,1,1,1,1,1,1,1,1,1,1,1,1,1,1,1,1,1,1,1,1,1,1,1,1,1,0,0,1,0,0,1
NID DEC 2025,KHYBER,JAMRUD,ALI MASJID A:ALI MASJID B:SHAH KAS A:SHAH KAS B,CBV,1,26,26,0,26,0,186,.93333,1,1,1,1,1,1,1,1,1,1,1,1,1,1,1,1,1,1,1,1,1,1,1,1,1,1,1,0,0,1,1,0,1
NID DEC 2025,PESHAWAR,CITY,SUFAID DHERI,CBV,1,15,0,14,14,0,240,1,.93333,1,1,1,1,1,1,1,1,1,1,1,1,1,1,1,1,1,1,1,1,1,1,1,1,1,1,1,1,1,1,1,1
NID DEC 2025,PESHAWAR,MATTANI,SHEIKH MOHAMMADI,CBV,1,7,6,6,12,0,240,1,1.71429,1,1,1,1,1,1,1,1,1,1,1,1,1,1,1,1,1,1,1,1,1,1,1,1,1,1,1,1,1,1,1,1
NID DEC 2025,PESHAWAR,HASSAN KHEL,BARKI:BORA:FARIDI:HASSAN KHEL:KOHI:MANDAI,MT,1,26,22,1,23,0,230,.9,.88462,1,1,1,1,1,1,1,1,0,1,1,1,1,1,1,1,1,1,1,1,1,1,1,1,1,1,0,0,0,1,0,1
NID DEC 2025,CHARSADA,CHARSADDA,UTMANZAI:UMERZAI:TURANGZAI:MERA UMERZAI,MT,1,26,13,12,25,3,266,1,.96154,1,1,1,1,1,1,1,1,1,1,1,1,1,1,1,1,1,1,1,1,1,1,1,1,1,1,1,1,1,1,0,1
NID DEC 2025,PESHAWAR,MATTANI,MASHOGAGAR,CBV,1,23,21,10,31,21,240,1,1.34783,1,1,1,1,1,1,1,1,1,1,1,1,1,1,1,1,1,1,1,1,1,1,1,1,1,1,1,1,1,1,0,1
NID DEC 2025,CHARSADA,CHARSADDA,SARKI TETARA:RAJJAR 2:RAJJAR 1:GHONDA KARKANA:KHANMAI,MT,1,28,13,15,28,3,240,1,1,1,1,1,1,1,1,1,1,1,1,1,1,1,1,1,1,1,1,1,1,1,1,1,1,1,1,1,1,1,1,0,1
NID DEC 2025,MOHMAND,BAIZAI,GHANAM SHAH,MT,1,4,4,0,4,2,280,.9,1,1,1,1,1,1,0,1,1,1,1,1,1,1,0,0,1,1,1,1,1,1,1,1,1,1,1,1,1,1,1,0,1
NID DEC 2025,CHARSADA,TANGI,HISARA NEHRI:DHAKKI:SHERPAO,MT,1,22,10,12,22,0,240,1,1,1,1,1,1,1,1,1,1,1,1,1,1,1,1,1,1,1,1,1,1,1,1,1,1,1,1,1,1,1,1,0,1
NID DEC 2025,PESHAWAR,MATTANI,BAZID KHEL,CBV,2,14,13,8,21,0,180,.93333,1.5,1,1,1,1,1,1,1,1,1,1,1,1,1,1,1,1,1,1,1,1,1,1,1,1,1,1,0,0,1,1,1,1
NID DEC 2025,KHYBER,BARA,MILWARD A:MILWARD B:SRA CHEENA,CBV,2,28,28,0,28,0,240,1,1,1,1,1,1,1,1,1,1,1,1,1,1,1,1,1,1,1,1,1,1,1,1,1,1,1,1,1,1,1,1,1,1
NID DEC 2025,CHARSADA,CHARSADDA,MOHAMMAD NARI:CHENDRO DAAG:DARGAY:BAHLOLA:SHEIKHO,MT,2,28,20,8,28,2,300,1,1,1,1,1,1,1,1,1,1,1,1,1,1,1,1,1,1,1,1,1,1,1,1,1,1,1,1,1,1,0,1,0,1
NID DEC 2025,CHARSADA,CHARSADDA,DARGAY:CHENDRO DAAG:MOHAMMAD NARI:BAHLOLA:SHEIKHO,MT,1,28,20,8,28,2,300,1,1,1,1,1,1,1,1,1,1,1,1,1,1,1,1,1,1,1,1,1,1,1,1,1,1,1,1,1,1,0,1,0,1
NID DEC 2025,PESHAWAR,SHAH ALAM,GARHI SHER DAD,CBV,1,5,5,5,10,1,240,.96667,2,1,1,1,1,1,1,1,1,1,1,1,1,1,1,1,1,1,1,1,1,1,1,1,1,1,0,1,1,0,1,0,1
NID DEC 2025,NOWSHERA,NOWSHERA,NOWSHERA CITY,MT,2,27,20,4,24,3,240,1,.88889,1,1,1,1,1,1,1,1,1,1,1,1,1,1,1,1,1,1,1,1,1,1,1,1,1,1,1,1,0,1,0,1
NID DEC 2025,NOWSHERA,NOWSHERA,NOWSHERA CITY,MT,1,27,20,3,23,2,240,1,.85185,1,1,1,1,1,1,1,1,1,1,1,1,1,1,1,1,1,1,1,1,1,1,1,1,1,1,1,1,0,1,0,1
NID DEC 2025,PESHAWAR,SADDAR,URMAR BALA,CBV,1,26,16,10,26,22,240,1,1,1,1,1,1,1,1,1,1,1,1,1,1,1,1,1,1,1,1,1,1,1,1,1,1,1,1,1,1,1,1,1,1
NID DEC 2025,MOHMAND,BAIZAI,GHANAM SHAH,MT,2,4,3,0,3,1,240,.96667,.75,1,1,1,1,1,0,1,1,1,1,1,1,1,1,1,1,1,1,1,1,1,1,1,1,1,1,1,1,1,1,0,1
NID DEC 2025,PESHAWAR,HASSAN KHEL,MANDAI,MT,2,5,5,0,5,1,240,1,1,1,1,1,1,1,1,1,1,1,1,1,1,1,1,1,1,1,1,1,1,1,1,1,1,1,1,1,1,0,1,0,1
NID DEC 2025,PESHAWAR,SADDAR,URMAR MIANA,CBV,1,6,1,5,6,0,240,.96667,1,1,1,1,1,1,1,1,1,1,1,1,1,1,1,1,1,1,1,1,1,1,1,1,1,1,1,1,1,0,0,0,1
NID DEC 2025,PESHAWAR,SHAH ALAM,PAKHA GHULAM,CBV,2,11,0,8,8,0,210,.85714,.72727,1,1,1,1,1,1,1,1,1,1,1,1,1,1,1,0,,,1,1,1,1,1,1,1,1,0,0,1,1,1,0
NID DEC 2025,PESHAWAR,SHAH ALAM,KHAZANA,CBV,1,31,2,29,31,31,240,1,1,1,1,1,1,1,1,1,1,1,1,1,1,1,1,1,1,1,1,1,1,1,1,1,1,1,1,1,1,1,1,0,1
NID DEC 2025,KHYBER,TIRAH MAIDAN,PAGDARA:ZAKHAKHEL TIRAH:SHALOBAR TIRAH:QAMBAR KHEL B TIRAH:Seray,CBV,1,24,21,0,21,0,180,.93333,.875,1,1,1,1,1,1,1,1,1,1,1,1,1,1,1,1,1,1,1,1,1,1,1,1,1,1,0,0,1,1,0,1
NID DEC 2025,PESHAWAR,CITY,UNIVERSITY TOWN,CBV,2,6,0,6,6,0,240,.96667,1,1,1,1,1,1,1,1,1,1,1,1,1,1,1,1,1,1,1,1,1,1,1,1,1,1,0,1,1,0,1,0,1
NID DEC 2025,CHARSADA,CHARSADDA,MC-4 CHARSADDA,MT,1,20,4,16,20,0,240,1,1,1,1,1,1,1,1,1,1,1,1,1,1,1,1,1,1,1,1,1,1,1,1,1,1,1,1,1,1,1,1,0,1
NID DEC 2025,CHARSADA,CHARSADDA,MC-4 CHARSADDA,MT,2,20,0,19,19,0,240,1,.95,1,1,1,1,1,1,1,1,1,1,1,1,1,1,1,1,1,1,1,1,1,1,1,1,1,1,1,1,1,1,0,1
NID DEC 2025,PESHAWAR,CITY,LAHORI,CBV,2,3,0,3,3,0,270,1,1,1,1,1,1,1,1,1,1,1,1,1,1,1,1,1,1,1,1,1,1,1,1,1,1,1,1,1,1,1,1,0,1
NID DEC 2025,MOHMAND,PARANG GHAAR,ASGHAR,MT,2,11,2,9,11,1,260,1,1,1,1,1,1,1,1,1,1,1,1,1,1,1,1,1,1,1,1,1,1,1,1,1,1,1,1,1,1,0,1,0,1
NID DEC 2025,KHYBER,BARA,MASTAK:JANBAZ B:JANBAZ A,CBV,1,31,31,0,31,0,180,.93333,1,1,1,1,1,1,1,1,1,1,1,1,1,1,1,1,1,1,1,1,1,1,1,1,1,1,1,0,0,0,1,1,1
NID DEC 2025,KHYBER,BARA,MILWARD A:MILWARD B:SRA CHEENA,CBV,1,31,31,0,31,0,180,.9,1,1,1,1,1,1,1,1,1,0,1,1,1,1,1,1,1,1,1,1,1,1,1,1,1,1,1,0,0,0,1,1,1
NID DEC 2025,KHYBER,TIRAH MAIDAN,SHALOBAR TIRAH,CBV,1,7,7,0,7,0,180,.93333,1,1,1,1,1,1,1,1,1,1,1,1,1,1,1,1,1,1,1,1,1,1,1,1,1,1,1,0,0,0,1,0,1
NID DEC 2025,PESHAWAR,SADDAR,URMAR PAYAN,CBV,2,4,0,4,4,0,250,1,1,1,1,1,1,1,1,1,1,1,1,1,1,1,1,1,1,1,1,1,1,1,1,1,1,1,1,1,1,1,1,0,1
NID DEC 2025,CHARSADA,CHARSADDA,MC-4 CHARSADDA,MT,2,20,0,20,20,1,240,.96667,1,1,1,1,1,1,1,1,1,1,1,1,1,1,1,1,1,1,1,1,1,1,1,1,1,1,1,1,1,1,1,0,0
NID DEC 2025,PESHAWAR,SHAH ALAM,JOGANI,CBV,1,20,0,20,20,0,240,1,1,1,1,1,1,1,1,1,1,1,1,1,1,1,1,1,1,1,1,1,1,1,1,1,1,1,1,1,1,0,1,0,1
NID DEC 2025,PESHAWAR,CITY,MEHAL TERAI 2,CBV,1,9,0,9,9,0,260,1,1,1,1,1,1,1,1,1,1,1,1,1,1,1,1,1,1,1,1,1,1,1,1,1,1,1,1,1,1,0,1,0,1
NID DEC 2025,PESHAWAR,SADDAR,MUSAZAI,CBV,2,31,1,30,31,0,180,.93333,1,1,1,1,1,1,1,1,1,1,1,1,1,1,1,1,1,1,1,1,1,1,1,1,1,1,1,0,0,0,1,1,1
NID DEC 2025,PESHAWAR,SHAH ALAM,SAEEDABAD,CBV,2,12,0,12,12,1,240,1,1,1,1,1,1,1,1,1,1,1,1,1,1,1,1,1,1,1,1,1,1,1,1,1,1,1,1,1,1,0,1,0,1
NID FEB 2026,KHYBER,JAMRUD,SHAH KAS A:SHAH KAS B:NEW ABADI,CBV,1,30,30,0,30,0,300,1,1,1,1,1,1,1,1,1,1,1,1,1,1,1,1,1,1,1,1,1,1,1,1,1,1,1,1,1,1,1,1,0,1
NID FEB 2026,MOHMAND,PARANG GHAAR,ASGHAR:NAO BUCHA:UMAR KHEL,MT,1,13,13,3,16,0,300,.96667,1.23077,1,1,1,1,1,1,1,1,1,1,1,1,1,1,1,1,1,1,1,1,1,1,1,1,1,1,1,1,1,0,1,1
NID FEB 2026,KHYBER,BARA,AJAB TALAB:ABDULLAH JAN:AKAKHEL MAIRA,CBV,2,29,29,0,29,0,180,.9,1,1,1,1,1,1,1,1,1,1,1,1,1,1,1,1,1,0,1,1,1,1,1,1,1,1,1,0,0,0,1,0,1
NID FEB 2026,KHYBER,JAMRUD,ALI MASJID A:ALI MASJID B,CBV,2,12,12,0,12,1,180,.86667,1,1,1,1,1,1,1,1,1,1,1,1,1,1,1,0,1,1,1,1,1,1,1,1,1,1,0,0,0,0,1,0,1
NID FEB 2026,KHYBER,JAMRUD,SHAH KAS A:SHAH KAS B:NEW ABADI,CBV,2,32,32,0,32,0,180,.89286,1,1,1,1,1,1,1,1,1,1,1,1,1,1,1,1,0,,,1,1,1,1,1,1,1,1,0,0,0,1,1,1
NID FEB 2026,KHYBER,JAMRUD,CHAPARI:TIDI BAZAR:SUR KAMAR,CBV,1,21,21,0,21,1,240,.92,1,1,1,1,1,1,1,1,1,1,1,1,0,,,,0,,,1,1,1,1,1,1,1,1,1,1,0,1,0,1
NID FEB 2026,MOHMAND,HALEEMZAI,GHALLANAI:KAMALI:KASSI,MT,2,24,23,0,23,1,360,.96667,.95833,1,1,1,1,1,1,1,1,1,1,1,1,1,1,1,1,1,1,1,1,1,1,1,1,1,1,1,0,1,1,1,1
NID FEB 2026,MOHMAND,HALEEMZAI,GHALLANAI:KAMALI:KASSI,MT,1,26,24,0,24,1,300,.96667,.92308,1,1,1,1,1,1,1,1,1,1,1,1,1,1,1,1,1,1,1,1,1,1,1,1,1,1,1,1,1,1,1,0
NID FEB 2026,KHYBER,JAMRUD,CHAPARI:SUR KAMAR:TIDI BAZAR,CBV,2,18,17,0,17,0,300,1,.94444,1,1,1,1,1,1,1,1,1,1,1,1,1,1,1,1,1,1,1,1,1,1,1,1,1,1,1,1,1,1,0,1
NID FEB 2026,KHYBER,LANDI KOTAL,MIRDAD KHEL:PIROKHEL:SHEIKHMAL KHEL,CBV,1,25,25,0,25,0,180,.93333,1,1,1,1,1,1,1,1,1,1,1,1,1,1,1,1,1,1,1,1,1,1,1,1,1,1,1,0,0,0,1,1,1
NID FEB 2026,KHYBER,LANDI KOTAL,PIROKHEL:MIRDAD KHEL:SHEIKHMAL KHEL,CBV,1,25,25,0,25,2,180,.93333,1,1,1,1,1,1,1,1,1,1,1,1,1,1,1,1,1,1,1,1,1,1,1,1,1,1,1,0,0,0,1,1,1
NID FEB 2026,KHYBER,LANDI KOTAL,MIRDAD KHEL:PIROKHEL:SHEIKHMAL KHEL,CBV,1,25,25,0,25,2,180,.93333,1,1,1,1,1,1,1,1,1,1,1,1,1,1,1,1,1,1,1,1,1,1,1,1,1,1,1,0,0,0,1,0,1
NID FEB 2026,NOWSHERA,NOWSHERA,PIRPAI,MT,1,34,20,11,31,1,300,1,.91176,1,1,1,1,1,1,1,1,1,1,1,1,1,1,1,1,1,1,1,1,1,1,1,1,1,1,1,1,0,1,0,1
NID FEB 2026,NOWSHERA,NOWSHERA,PIRPAI,MT,2,34,34,11,45,1,300,1,1.32353,1,1,1,1,1,1,1,1,1,1,1,1,1,1,1,1,1,1,1,1,1,1,1,1,1,1,1,1,0,1,0,1
NID FEB 2026,CHARSADA,CHARSADDA,MC-3 CHARSADDA,MT,1,25,8,17,25,0,240,.9,1,1,1,1,1,0,0,0,1,1,1,1,1,1,1,1,1,1,1,1,1,1,1,1,1,1,1,1,1,0,1,0,1
NID FEB 2026,PESHAWAR,CITY,FAQIR ABAD,CBV,1,3,0,3,3,0,240,1,1,1,1,1,1,1,1,1,1,1,1,1,1,1,1,1,1,1,1,1,1,1,1,1,1,1,1,1,1,1,1,0,1
NID FEB 2026,PESHAWAR,MATTANI,BAZID KHEL:SHEIKHAN:SULEMAN KHEIL,CBV,1,22,6,15,21,0,240,1,.95455,1,1,1,1,1,1,1,1,1,1,1,1,1,1,1,1,1,1,1,1,1,1,1,1,1,1,1,1,1,1,1,1
NID FEB 2026,PESHAWAR,CITY,PALOSI:REGI:SHAHEEN TOWN,CBV,1,21,3,17,20,0,240,.9,.95238,1,1,0,1,1,1,1,1,1,1,1,1,1,0,1,1,1,1,1,1,1,0,1,1,1,1,1,1,1,1,0,1
NID FEB 2026,CHARSADA,CHARSADDA,MERA UMERZAI:TURANGZAI:UMERZAI:UTMANZAI,MT,1,26,9,12,21,0,300,.96296,.80769,1,1,1,1,1,1,1,1,1,1,1,0,,,,1,1,1,1,1,1,1,1,1,1,1,1,1,1,1,0,1
NID FEB 2026,NOWSHERA,JEHANGIRA,AKORA CAMP:AKORA KHATTAK:MISRI BANDA:MERA AKORA,MT,2,35,27,8,35,2,720,.96667,1,1,1,1,1,1,1,1,1,1,1,1,1,1,1,1,1,1,1,1,1,1,1,1,1,1,1,1,0,1,1,0,1
NID FEB 2026,PESHAWAR,SHAH ALAM,GARHI SHER DAD,CBV,1,5,1,4,5,0,240,1,1,1,1,1,1,1,1,1,1,1,1,1,1,1,1,1,1,1,1,1,1,1,1,1,1,1,1,1,1,0,1,0,1
NID FEB 2026,KHYBER,LANDI KOTAL,KAM SHALMAN,CBV,2,6,6,0,6,1,180,.93333,1,1,1,1,1,1,1,1,1,1,1,1,1,1,1,1,1,1,1,1,1,1,1,1,1,1,1,0,0,1,1,0,1
NID FEB 2026,NOWSHERA,NOWSHERA,KABUL RIVER:NAWA KALY:RISALPUR CANTT:PIRSABAQ,MT,1,32,22,9,31,2,320,.96667,.96875,1,1,1,1,1,1,1,1,1,1,1,1,1,1,1,1,1,1,1,1,1,1,1,1,1,1,1,0,1,1,1,1
NID FEB 2026,KHYBER,LANDI KOTAL,SHEIKHMAL KHEL:PIROKHEL:MIRDAD KHEL,CBV,2,26,26,0,26,3,180,.93333,1,1,1,1,1,1,1,1,1,1,1,1,1,1,1,1,1,1,1,1,1,1,1,1,1,1,1,0,0,0,1,0,1
NID FEB 2026,NOWSHERA,NOWSHERA,KHESHGI PAYAN,MT,1,18,11,7,18,1,320,.96667,1,1,1,1,1,1,1,1,1,1,1,1,1,1,1,1,1,1,1,1,1,1,1,1,1,1,1,1,0,1,1,0,1
NID FEB 2026,NOWSHERA,NOWSHERA,KHESHGI PAYAN,MT,2,18,11,7,18,0,320,.96667,1,1,1,1,1,1,1,1,1,1,1,1,1,1,1,1,1,1,1,1,1,1,1,1,1,1,1,1,0,0,1,0,1
NID FEB 2026,PESHAWAR,SMT,NOTHIA JADEED:CANTT WARD 5,SMT,1,10,10,9,19,4,240,.96667,1.9,1,1,1,1,1,1,1,1,1,1,1,1,1,0,1,1,1,1,1,1,1,1,1,1,1,1,1,1,0,1,0,1
NID FEB 2026,PESHAWAR,SHAH ALAM,PANAM DHERI,CBV,1,6,0,6,6,0,240,.93333,1,1,1,1,1,0,1,0,1,1,1,1,1,1,1,1,1,1,1,1,1,1,1,1,1,1,1,1,1,1,1,0,1
NID FEB 2026,CHARSADA,CHARSADDA,DARGAY:CHENDRO DAAG:MOHAMMAD NARI:SHEIKHO:BAHLOLA,MT,2,30,6,24,30,0,300,1,1,1,1,1,1,1,1,1,1,1,1,1,1,1,1,1,1,1,1,1,1,1,1,1,1,1,1,1,1,0,1,0,1
NID FEB 2026,PESHAWAR,SHAH ALAM,LALA KALAY:BUDHNI,CBV,1,17,16,16,32,0,270,.76667,1.88235,1,1,1,1,0,0,0,1,1,1,1,1,0,0,1,1,1,1,1,0,1,0,1,1,1,1,1,1,1,1,0,1
NID FEB 2026,NOWSHERA,NOWSHERA,BARA BANDA:GANDHERI:RASHAKAI,MT,2,32,25,7,32,2,250,.92,1,1,1,1,1,1,1,1,1,1,1,1,1,1,1,1,0,,,0,,,,1,1,1,1,1,1,0,1,1,1
NID FEB 2026,NOWSHERA,NOWSHERA,RISALPUR CANTT,MT,2,30,18,12,30,0,300,1,1,1,1,1,1,1,1,1,1,1,1,1,1,1,1,1,1,1,1,1,1,1,1,1,1,1,1,1,1,0,1,0,1
NID FEB 2026,PESHAWAR,CITY,SUFAID DHERI,CBV,1,21,2,19,21,0,240,.96429,1,1,1,1,1,1,1,1,1,1,1,1,1,1,1,1,0,,,1,1,1,1,1,1,1,1,1,1,0,1,0,1
NID FEB 2026,PESHAWAR,CITY,HAYAT ABAD 1:HAYAT ABAD 2,CBV,1,29,7,21,28,3,240,1,.96552,1,1,1,1,1,1,1,1,1,1,1,1,1,1,1,1,1,1,1,1,1,1,1,1,1,1,1,1,1,1,0,1
NID FEB 2026,NOWSHERA,PABBI,AMANKOT:CHOKI MAMREZ:DAG BESUD:KHAN SHER GARHI KHU:PABBI,MT,2,30,24,6,30,3,700,.96667,1,1,1,1,1,1,1,1,1,1,1,1,1,1,1,1,1,1,1,1,1,1,1,1,1,1,1,1,0,0,1,1,1
NID FEB 2026,NOWSHERA,NOWSHERA,NOWSHERA CITY,MT,2,28,21,7,28,2,720,.96667,1,1,1,1,1,1,1,1,1,1,1,1,1,1,1,1,1,1,1,1,1,1,1,1,1,1,1,1,0,0,1,0,1
NID FEB 2026,PESHAWAR,CITY,SUFAID DHERI,CBV,2,15,0,15,15,0,240,.96429,1,1,1,1,1,1,1,1,1,1,1,1,1,1,1,1,0,,,1,1,1,1,1,1,1,1,1,1,0,1,1,1
NID FEB 2026,PESHAWAR,SHAH ALAM,PAKHA GHULAM,CBV,2,15,5,10,15,15,240,1,1,1,1,1,1,1,1,1,1,1,1,1,1,1,1,1,1,1,1,1,1,1,1,1,1,1,1,1,1,0,1,0,1
NID FEB 2026,PESHAWAR,CITY,KAKSHAL,CBV,2,8,0,8,8,8,210,.93333,1,1,1,1,1,1,1,1,1,1,1,1,1,1,1,1,1,1,1,1,1,1,1,1,1,1,1,0,0,0,1,1,1
NID FEB 2026,PESHAWAR,SHAH ALAM,MATHRA,CBV,2,11,1,10,11,0,240,1,1,1,1,1,1,1,1,1,1,1,1,1,1,1,1,1,1,1,1,1,1,1,1,1,1,1,1,1,1,0,1,0,1
NID FEB 2026,KHYBER,BARA,FORT SLOPE,CBV,2,13,12,0,12,2,180,.93333,.92308,1,1,1,1,1,1,1,1,1,1,1,1,1,1,1,1,1,1,1,1,1,1,1,1,1,1,0,0,1,1,0,1
NID FEB 2026,NOWSHERA,NOWSHERA,NOWSHERA CANTT,MT,1,25,1,22,23,2,180,.93333,.92,1,1,1,1,1,1,1,1,1,1,1,1,1,1,1,1,1,1,1,1,1,1,1,1,1,1,0,0,0,1,0,1
NID FEB 2026,NOWSHERA,NOWSHERA,AMANGARH,MT,2,18,0,13,13,0,220,.9,.72222,1,1,0,1,1,1,1,1,1,1,1,1,1,1,1,1,1,1,1,1,1,1,1,1,1,1,0,0,0,1,0,1
NID FEB 2026,KHYBER,JAMRUD,GHUNDI A:GHUNDI B,CBV,1,20,19,0,19,1,240,.92857,.95,1,1,1,1,1,1,1,1,1,1,1,1,1,1,0,0,,,1,1,1,1,1,1,1,1,1,1,1,1,1,1
NID FEB 2026,MOHMAND,HALEEMZAI,GHALLANAI:KAMALI:KASSI,MT,2,22,22,0,22,2,240,1,1,1,1,1,1,1,1,1,1,1,1,1,1,1,1,1,1,1,1,1,1,1,1,1,1,1,1,1,1,1,1,0,1
NID FEB 2026,KHYBER,LANDI KOTAL,SULTAN KHEL A,CBV,1,10,10,0,10,0,180,.93333,1,1,1,1,1,1,1,1,1,1,1,1,1,1,1,1,1,1,1,1,1,1,1,1,1,1,1,0,0,0,1,0,1
NID FEB 2026,KHYBER,LANDI KOTAL,TIRAH BAZAR B:TIRAH BAZAR A,CBV,1,23,23,0,23,23,180,.86667,1,1,1,1,1,1,1,1,1,1,1,1,1,1,1,1,1,1,1,1,1,1,1,1,1,1,0,0,0,0,0,0,1
NID APR 2026,PESHAWAR,MATTANI,ACHINI:SARBAND,CBV,1,16,15,8,23,0,240,1,1.4375,1,1,1,1,1,1,1,1,1,1,1,1,1,1,1,1,1,1,1,1,1,1,1,1,1,1,1,1,1,1,1,1
NID APR 2026,PESHAWAR,SHAH ALAM,GARHI SHER DAD,CBV,1,7,2,5,7,0,260,1,1,1,1,1,1,1,1,1,1,1,1,1,1,1,1,1,1,1,1,1,1,1,1,1,1,1,1,1,1,0,1,0,1
NID APR 2026,PESHAWAR,HASSAN KHEL,BARKI:BORA:FARIDI:HASSAN KHEL:KOHI:MANDAI,MT,1,26,24,2,26,0,250,.93333,1,1,1,1,1,1,1,1,1,0,1,1,1,1,1,1,1,1,1,1,1,1,1,1,1,1,1,1,1,0,1,0,0
NID APR 2026,PESHAWAR,SHAH ALAM,TUKHTABAD,CBV,2,7,1,6,7,0,240,1,1,1,1,1,1,1,1,1,1,1,1,1,1,1,1,1,1,1,1,1,1,1,1,1,1,1,1,1,1,1,1,0,1
NID APR 2026,PESHAWAR,SMT,CANTT WARD 5,SMT,1,4,0,4,4,4,240,.92857,1,1,1,1,1,1,1,1,1,1,1,1,1,1,1,1,0,,,1,1,1,1,1,1,1,1,1,1,0,0,1,1
NID APR 2026,PESHAWAR,CITY,TEHKAL PAYAN,CBV,1,16,1,14,15,0,240,.92593,.9375,1,1,1,1,1,1,0,1,1,1,1,0,,,,1,1,1,1,1,1,1,1,1,1,1,1,1,0,1,0,1
NID APR 2026,PESHAWAR,CITY,SUFAID DHERI,CBV,2,15,0,15,15,0,240,.92857,1,1,1,1,1,1,1,0,1,1,1,1,1,1,1,1,0,,,1,1,1,1,1,1,1,1,1,1,0,1,0,1
NID APR 2026,PESHAWAR,CITY,LAHORI,CBV,2,3,0,2,2,0,240,1,.66667,1,1,1,1,1,1,1,1,1,1,1,1,1,1,1,1,1,1,1,1,1,1,1,1,1,1,1,1,1,1,0,1
NID APR 2026,PESHAWAR,CITY,HAYAT ABAD 2,CBV,2,18,5,13,18,0,240,1,1,1,1,1,1,1,1,1,1,1,1,1,1,1,1,1,1,1,1,1,1,1,1,1,1,1,1,1,1,1,1,0,1
NID APR 2026,PESHAWAR,MATTANI,SHEIKH MOHAMMADI:SHEIKHAN:SULEMAN KHEIL,CBV,1,21,5,15,20,0,240,.96667,.95238,1,1,1,1,1,1,0,1,1,1,1,1,1,1,1,1,1,1,1,1,1,1,1,1,1,1,1,1,1,1,1,1
NID APR 2026,PESHAWAR,SADDAR,URMAR MIANA,CBV,1,24,12,12,24,0,240,1,1,1,1,1,1,1,1,1,1,1,1,1,1,1,1,1,1,1,1,1,1,1,1,1,1,1,1,1,1,0,1,0,1
NID APR 2026,PESHAWAR,HASSAN KHEL,BORA,MT,2,5,5,0,5,0,190,.9,1,1,1,1,1,1,1,1,1,1,1,1,1,1,1,1,1,1,1,1,0,1,1,1,1,1,1,0,0,0,1,1,1
NID APR 2026,PESHAWAR,SMT,SHEIKH JUNAID ABAD,CBV,2,7,2,5,7,0,180,.93333,1,1,1,1,1,1,1,1,1,1,1,1,1,1,1,1,1,1,1,1,1,1,1,1,1,1,1,0,0,1,1,0,1
NID APR 2026,PESHAWAR,SHAH ALAM,SHAHI BALA,CBV,2,8,5,3,8,0,240,.96667,1,1,1,1,1,1,1,1,1,1,1,1,1,1,1,1,1,1,1,1,1,1,0,1,1,1,1,1,1,0,1,0,1
NID APR 2026,PESHAWAR,SMT,NOTHIA JADEED,CBV,2,6,0,6,6,0,240,1,1,1,1,1,1,1,1,1,1,1,1,1,1,1,1,1,1,1,1,1,1,1,1,1,1,1,1,1,1,0,1,0,1
NID APR 2026,PESHAWAR,SHAH ALAM,JOGANI,CBV,2,5,3,2,5,0,240,.93333,1,1,1,1,1,1,1,0,1,1,1,1,1,1,1,1,1,1,1,1,1,1,1,1,1,1,1,1,1,0,0,0,1
NID APR 2026,PESHAWAR,SADDAR,SHERAKERA,CBV,2,5,2,3,5,5,180,.93333,1,1,1,1,1,1,1,1,1,1,1,1,1,1,1,1,1,1,1,1,1,1,1,1,1,1,1,0,0,0,1,1,1
NID APR 2026,PESHAWAR,SMT,YAKATOOT 2,CBV,2,5,1,4,5,0,240,.96667,1,1,1,1,1,1,1,1,1,0,1,1,1,1,1,1,1,1,1,1,1,1,1,1,1,1,1,1,1,1,1,1,1
NID APR 2026,PESHAWAR,SADDAR,MARYAM ZAI,CBV,2,5,1,4,5,0,240,1,1,1,1,1,1,1,1,1,1,1,1,1,1,1,1,1,1,1,1,1,1,1,1,1,1,1,1,1,1,0,1,0,1
NID APR 2026,PESHAWAR,SADDAR,URMAR MIANA,CBV,2,6,1,5,6,0,210,.93333,1,1,1,1,1,1,1,1,1,1,1,1,1,1,1,1,1,1,1,1,1,1,1,1,1,1,1,0,0,1,1,0,1
NID APR 2026,PESHAWAR,SADDAR,URMAR MIANA,CBV,1,24,12,12,24,0,240,1,1,1,1,1,1,1,1,1,1,1,1,1,1,1,1,1,1,1,1,1,1,1,1,1,1,1,1,1,1,1,1,0,1
NID APR 2026,KHYBER,LANDI KOTAL,STATION,CBV,1,7,7,0,7,0,180,.93333,1,1,1,1,1,1,1,1,1,1,1,1,1,1,1,1,1,1,1,1,1,1,1,1,1,1,1,0,0,0,1,1,1
NID APR 2026,KHYBER,LANDI KOTAL,KHUGA KHEL,CBV,1,9,9,0,9,0,180,.93333,1,1,1,1,1,1,1,1,1,1,1,1,1,1,1,1,1,1,1,1,1,1,1,1,1,1,1,0,0,1,1,1,1
NID APR 2026,KHYBER,TIRAH MAIDAN,NAKAY:Seray:PAGDARA,CBV,1,29,29,0,29,0,180,.93333,1,1,1,1,1,1,1,1,1,1,1,1,1,1,1,1,1,1,1,1,1,1,1,1,1,1,1,0,0,0,1,0,1
NID APR 2026,KHYBER,LANDI KOTAL,TORKHAM,CBV,1,7,7,0,7,0,180,.93333,1,1,1,1,1,1,1,1,1,1,1,1,1,1,1,1,1,1,1,1,1,1,1,1,1,1,1,0,0,1,1,1,1
NID APR 2026,KHYBER,LANDI KOTAL,STATION,CBV,1,7,7,0,7,0,180,.93333,1,1,1,1,1,1,1,1,1,1,1,1,1,1,1,1,1,1,1,1,1,1,1,1,1,1,1,0,0,1,1,1,1
NID APR 2026,KHYBER,LANDI KOTAL,KARAMNA,CBV,1,6,6,0,6,0,90,.9,1,1,1,1,1,1,1,1,1,1,1,1,1,1,0,1,1,1,1,1,1,1,1,1,1,1,1,0,0,0,1,0,1
NID APR 2026,KHYBER,LANDI KOTAL,SULTAN KHEL B,CBV,2,9,9,0,9,0,180,.93333,1,1,1,1,1,1,1,1,1,1,1,1,1,1,1,1,1,1,1,1,1,1,1,1,1,1,1,0,0,1,1,1,1
NID APR 2026,KHYBER,LANDI KOTAL,SULTAN KHEL A,CBV,2,10,10,0,10,0,180,.93333,1,1,1,1,1,1,1,1,1,1,1,1,1,1,1,1,1,1,1,1,1,1,1,1,1,1,1,0,0,0,1,1,1
NID APR 2026,KHYBER,BARA,TAUDA CHEENA,CBV,1,7,7,0,7,0,180,.93333,1,1,1,1,1,1,1,1,1,1,1,1,1,1,1,1,1,1,1,1,1,1,1,1,1,1,1,0,0,0,1,0,1
NID APR 2026,KHYBER,BARA,FORT SLOPE,CBV,1,8,8,0,8,0,180,.93333,1,1,1,1,1,1,1,1,1,1,1,1,1,1,1,1,1,1,1,1,1,1,1,1,1,1,1,0,0,0,1,0,1
NID APR 2026,KHYBER,BARA,TAUDA CHEENA,CBV,2,7,7,0,7,0,180,.93333,1,1,1,1,1,1,1,1,1,1,1,1,1,1,1,1,1,1,1,1,1,1,1,1,1,1,1,0,0,0,1,0,1
NID APR 2026,KHYBER,BARA,FORT SLOPE,CBV,2,8,8,0,8,0,180,.93333,1,1,1,1,1,1,1,1,1,1,1,1,1,1,1,1,1,1,1,1,1,1,1,1,1,1,1,0,0,0,1,0,1
NID APR 2026,KHYBER,JAMRUD,TIDI BAZAR:SUR KAMAR:CHAPARI,CBV,2,21,20,0,20,0,300,1,.95238,1,1,1,1,1,1,1,1,1,1,1,1,1,1,1,1,1,1,1,1,1,1,1,1,1,1,1,1,1,1,0,1
NID APR 2026,KHYBER,JAMRUD,NEW ABADI:SHAH KAS A:SHAH KAS B,CBV,2,23,23,0,23,23,240,1,1,1,1,1,1,1,1,1,1,1,1,1,1,1,1,1,1,1,1,1,1,1,1,1,1,1,1,1,1,0,1,0,1
NID APR 2026,NOWSHERA,NOWSHERA,AZAKHEL BALA:AZAKHEL PAYAN:PIRPAI:AMANGARH,MT,1,34,16,7,23,2,300,.96296,.67647,1,1,1,1,1,1,1,1,1,1,1,0,,,,1,1,1,1,1,1,1,1,1,1,1,1,1,1,1,0,1
NID APR 2026,KHYBER,LANDI KOTAL,STATION,CBV,2,7,7,0,7,0,180,.9,1,1,1,1,1,1,1,0,1,1,1,1,1,1,1,1,1,1,1,1,1,1,1,1,1,1,1,0,0,1,1,1,1
NID APR 2026,NOWSHERA,NOWSHERA,AMANGARH:AZAKHEL BALA:AZAKHEL PAYAN:PIRPAI,MT,1,34,9,9,18,1,280,1,.52941,1,1,1,1,1,1,1,1,1,1,1,1,1,1,1,1,1,1,1,1,1,1,1,1,1,1,1,1,0,1,1,1
NID APR 2026,KHYBER,LANDI KOTAL,MIRDAD KHEL,CBV,1,8,7,0,7,0,180,.93333,.875,1,1,1,1,1,1,1,1,1,1,1,1,1,1,1,1,1,1,1,1,1,1,1,1,1,1,0,0,1,1,1,1
NID APR 2026,NOWSHERA,JEHANGIRA,AKORA CAMP:AKORA KHATTAK:MERA AKORA:MISRI BANDA,MT,2,33,27,6,33,0,620,.93333,1,1,1,1,1,1,1,1,1,1,1,1,1,1,1,1,1,1,0,1,1,1,1,1,1,1,1,1,0,1,1,1,1
NID APR 2026,NOWSHERA,NOWSHERA,KHESHGI PAYAN,MT,2,16,9,7,16,1,300,1,1,1,1,1,1,1,1,1,1,1,1,1,1,1,1,1,1,1,1,1,1,1,1,1,1,1,1,1,1,0,1,0,1
NID APR 2026,NOWSHERA,NOWSHERA,AMANGARH:AZAKHEL BALA:AZAKHEL PAYAN:PIRPAI,MT,2,34,31,10,41,1,260,1,1.20588,1,1,1,1,1,1,1,1,1,1,1,1,1,1,1,1,1,1,1,1,1,1,1,1,1,1,1,1,0,1,0,1
NID APR 2026,KHYBER,LANDI KOTAL,KAM SHALMAN,CBV,1,6,6,0,6,0,180,.93333,1,1,1,1,1,1,1,1,1,1,1,1,1,1,1,1,1,1,1,1,1,1,1,1,1,1,1,0,0,0,1,0,1
NID APR 2026,KHYBER,LANDI KOTAL,KAM SHALMAN,CBV,2,6,6,0,6,0,180,.93333,1,1,1,1,1,1,1,1,1,1,1,1,1,1,1,1,1,1,1,1,1,1,1,1,1,1,1,0,0,0,1,0,1
NID APR 2026,CHARSADA,TANGI,ABAZAI:GANDHERI:MC TANGI,MT,1,27,16,8,24,0,300,1,.88889,1,1,1,1,1,1,1,1,1,1,1,1,1,1,1,1,1,1,1,1,1,1,1,1,1,1,1,1,1,1,0,1
NID APR 2026,NOWSHERA,NOWSHERA,BADRASHI:ZIARAT KAKA SAHIB:PAHARI KATTI KHEL:MANKI SHAREEF,MT,1,32,26,6,32,0,305,.96667,1,1,1,1,1,1,1,1,1,1,1,1,1,1,1,1,1,1,1,1,1,1,1,1,1,1,1,1,0,1,1,0,1
NID APR 2026,NOWSHERA,PABBI,DAG ISMAIL KHEL:JALOZAI:SHAKOT:SPINKHAK:TURKMEN CAMP,MT,2,33,27,4,31,0,305,.96667,.93939,1,1,1,1,1,1,1,1,1,1,1,1,1,1,1,1,1,1,1,1,1,1,1,1,1,1,1,0,1,1,0,1
NID APR 2026,NOWSHERA,PABBI,DAG ISMAIL KHEL:JALOZAI:SHAKOT:SPINKHAK:TURKMEN CAMP,MT,1,33,24,4,28,0,330,.96667,.84848,1,1,1,1,1,1,1,1,1,1,1,1,1,1,1,1,1,1,1,1,1,1,1,1,1,1,1,0,1,1,0,1
NID APR 2026,NOWSHERA,NOWSHERA,BADRASHI:MANKI SHAREEF:PAHARI KATTI KHEL:ZIARAT KAKA SAHIB,MT,1,32,26,6,32,0,270,1,1,1,1,1,1,1,1,1,1,1,1,1,1,1,1,1,1,1,1,1,1,1,1,1,1,1,1,1,1,1,1,1,1
NID APR 2026,NOWSHERA,NOWSHERA,RASHAKAI:BARA BANDA:GANDHERI,MT,1,32,21,8,29,2,270,.64,.90625,1,1,1,1,0,0,0,1,0,1,1,0,,,,0,,,1,0,0,0,1,1,1,1,1,1,0,1,0,1
NID APR 2026,CHARSADA,CHARSADDA,MOHAMMAD NARI:DARGAY:CHENDRO DAAG:BAHLOLA:SHEIKHO,MT,1,30,24,6,30,3,360,.96667,1,1,1,1,1,1,1,1,1,1,1,1,1,1,1,1,1,1,1,1,1,1,1,1,1,1,1,1,0,1,1,0,1
NID APR 2026,CHARSADA,CHARSADDA,MOHAMMAD NARI:DARGAY:CHENDRO DAAG:BAHLOLA:SHEIKHO,MT,1,30,29,1,30,3,300,.92593,1,1,1,1,1,1,1,1,1,1,1,1,0,,,,1,1,1,1,1,1,1,1,1,1,1,1,1,1,1,0,0
NID APR 2026,CHARSADA,CHARSADDA,MC-1 CHARSADDA,MT,1,29,29,15,44,0,250,.96667,1.51724,1,1,1,1,1,1,0,1,1,1,1,1,1,1,1,1,1,1,1,1,1,1,1,1,1,1,1,1,0,1,0,1
NID APR 2026,MOHMAND,PARANG GHAAR,ASGHAR:NAO BUCHA:UMAR KHEL,MT,1,11,11,3,14,0,300,1,1.27273,1,1,1,1,1,1,1,1,1,1,1,1,1,1,1,1,1,1,1,1,1,1,1,1,1,1,1,1,0,1,1,1
NID APR 2026,NOWSHERA,PABBI,PABBI:KHAN SHER GARHI KHU:AMANKOT:CHOKI MAMREZ:DAG BESUD,MT,2,30,23,7,30,3,640,.93333,1,1,1,1,1,1,1,1,1,1,1,1,1,1,1,1,1,1,0,1,1,1,1,1,1,1,1,1,0,0,1,0,1
NID APR 2026,NOWSHERA,NOWSHERA,BADRASHI:MANKI SHAREEF:PAHARI KATTI KHEL:ZIARAT KAKA SAHIB,MT,2,32,26,6,32,0,270,1,1,1,1,1,1,1,1,1,1,1,1,1,1,1,1,1,1,1,1,1,1,1,1,1,1,1,1,1,1,1,1,1,1
NID APR 2026,CHARSADA,CHARSADDA,DARGAY:MOHAMMAD NARI:BAHLOLA:CHENDRO DAAG:SHEIKHO,MT,2,30,30,7,37,3,300,1,1.23333,1,1,1,1,1,1,1,1,1,1,1,1,1,1,1,1,1,1,1,1,1,1,1,1,1,1,1,1,0,1,0,1
NID APR 2026,NOWSHERA,NOWSHERA,NOWSHERA CITY,MT,2,27,22,5,27,2,600,.96667,1,1,1,1,1,1,1,1,1,1,1,1,1,1,1,1,1,1,1,1,1,1,1,1,1,1,1,1,0,0,1,1,1
NID APR 2026,NOWSHERA,NOWSHERA,KABUL RIVER:NAWA KALY:PIRSABAQ:RISALPUR CANTT,MT,2,32,20,10,30,29,250,1,.9375,1,1,1,1,1,1,1,1,1,1,1,1,1,1,1,1,1,1,1,1,1,1,1,1,1,1,1,1,0,1,0,1
NID APR 2026,NOWSHERA,NOWSHERA,KABUL RIVER:NAWA KALY:RISALPUR CANTT:PIRSABAQ,MT,1,32,18,7,25,2,280,1,.78125,1,1,1,1,1,1,1,1,1,1,1,1,1,1,1,1,1,1,1,1,1,1,1,1,1,1,1,1,0,1,0,1
NID APR 2026,MOHMAND,PARANG GHAAR,ASGHAR:NAO BUCHA:UMAR KHEL,MT,2,11,11,3,14,0,300,1,1.27273,1,1,1,1,1,1,1,1,1,1,1,1,1,1,1,1,1,1,1,1,1,1,1,1,1,1,1,1,0,1,1,1
NID APR 2026,MOHMAND,PANDIALI,PANDIALI:DANISHKOOL,MT,1,6,6,0,6,1,240,.96296,1,1,1,1,1,1,1,1,1,1,1,1,0,,,,1,1,1,1,1,1,1,1,1,1,1,1,1,0,1,0,1
NID APR 2026,MOHMAND,PANDIALI,DANISHKOOL:PANDIALI,MT,2,9,9,0,9,1,240,1,1,1,1,1,1,1,1,1,1,1,1,1,1,1,1,1,1,1,1,1,1,1,1,1,1,1,1,1,1,0,1,1,1
NID APR 2026,NOWSHERA,NOWSHERA,CHOCKI TOWN,MT,1,14,0,14,14,0,150,.86667,1,1,1,1,1,0,1,1,1,1,1,1,1,1,1,1,1,1,1,1,1,1,0,1,1,1,1,0,0,0,1,0,1
NID APR 2026,PESHAWAR,SHAH ALAM,GARHI SHER DAD,CBV,1,6,1,5,6,0,250,1,1,1,1,1,1,1,1,1,1,1,1,1,1,1,1,1,1,1,1,1,1,1,1,1,1,1,1,1,1,0,1,0,1
NID APR 2026,NOWSHERA,NOWSHERA,KABUL RIVER,MT,2,16,0,14,14,0,157,.93333,.875,1,1,1,1,1,1,1,1,1,1,1,1,1,1,1,1,1,1,1,1,1,1,1,1,1,1,0,0,0,1,0,1
SNID May 2026,KHYBER,JAMRUD,TIDI BAZAR:SUR KAMAR:CHAPARI,CBV,1,21,20,0,20,0,220,.93333,.95238,1,1,1,1,1,1,1,1,1,1,1,1,1,1,1,1,1,1,1,1,1,1,1,1,1,1,0,0,1,1,0,1
SNID May 2026,NOWSHERA,NOWSHERA,AMANGARH:AZAKHEL BALA:AZAKHEL PAYAN:PIRPAI,MT,1,34,22,4,26,1,240,1,.76471,1,1,1,1,1,1,1,1,1,1,1,1,1,1,1,1,1,1,1,1,1,1,1,1,1,1,1,1,0,1,0,1
SNID May 2026,KHYBER,TIRAH MAIDAN,MALAKDIN KHEL B TIRAH,CBV,1,5,5,5,10,0,180,.93333,2,1,1,1,1,1,1,1,1,1,1,1,1,1,1,1,1,1,1,1,1,1,1,1,1,1,1,0,0,0,1,0,1
SNID May 2026,MOHMAND,SAFI LAKARO,SANDO KHEL:LAKARO:MASOOD,MT,1,16,16,0,16,2,240,1,1,1,1,1,1,1,1,1,1,1,1,1,1,1,1,1,1,1,1,1,1,1,1,1,1,1,1,1,1,1,1,0,1
SNID May 2026,PESHAWAR,SHAH ALAM,PANAM DHERI,CBV,1,25,3,22,25,0,250,1,1,1,1,1,1,1,1,1,1,1,1,1,1,1,1,1,1,1,1,1,1,1,1,1,1,1,1,1,1,0,1,1,1
SNID May 2026,KHYBER,JAMRUD,GHUNDI A:GHUNDI B,CBV,1,16,16,0,16,0,240,1,1,1,1,1,1,1,1,1,1,1,1,1,1,1,1,1,1,1,1,1,1,1,1,1,1,1,1,1,1,1,1,0,1
SNID May 2026,PESHAWAR,SHAH ALAM,GULBELA,CBV,2,13,2,11,13,0,300,1,1,1,1,1,1,1,1,1,1,1,1,1,1,1,1,1,1,1,1,1,1,1,1,1,1,1,1,1,1,0,1,0,1
SNID May 2026,NOWSHERA,NOWSHERA,KABUL RIVER:NAWA KALY:PIRSABAQ:RISALPUR CANTT,MT,1,32,32,10,42,1,240,1,1.3125,1,1,1,1,1,1,1,1,1,1,1,1,1,1,1,1,1,1,1,1,1,1,1,1,1,1,1,1,0,1,0,1
SNID May 2026,NOWSHERA,NOWSHERA,NOWSHERA CITY,MT,1,27,21,5,26,1,320,.96667,.96296,1,1,1,1,1,1,1,1,1,1,1,1,1,1,1,1,1,1,1,1,1,1,1,1,1,1,1,0,1,1,0,1
SNID May 2026,NOWSHERA,NOWSHERA,KHESHGI PAYAN,MT,1,19,12,1,13,0,320,.96667,.68421,1,1,1,1,1,1,1,1,1,1,1,1,1,1,1,1,1,1,1,1,1,1,1,1,1,1,1,0,1,1,0,1
SNID May 2026,PESHAWAR,CITY,GULBAHAR:GUNJ:SIKANDAR TOWN,CBV,1,13,4,9,13,0,240,1,1,1,1,1,1,1,1,1,1,1,1,1,1,1,1,1,1,1,1,1,1,1,1,1,1,1,1,1,1,1,1,0,1
SNID Sep 2026,KHYBER,TIRAH MAIDAN,QAMBAR KHEL A TIRAH,CBV,1,10,10,0,10,0,180,.93333,1,1,1,1,1,1,1,1,1,1,1,1,1,1,1,1,1,1,1,1,1,1,1,1,1,1,1,0,0,0,1,0,1
SNID Sep 2026,KHYBER,TIRAH MAIDAN,MALAKDIN KHEL A TIRAH:MALAKDIN KHEL B TIRAH,CBV,1,13,13,0,13,0,180,.93333,1,1,1,1,1,1,1,1,1,1,1,1,1,1,1,1,1,1,1,1,1,1,1,1,1,1,1,0,0,0,1,0,1
SNID Sep 2026,NOWSHERA,JEHANGIRA,AKORA KHATTAK:MERA AKORA:MISRI BANDA,MT,1,33,21,9,30,1,240,1,.90909,1,1,1,1,1,1,1,1,1,1,1,1,1,1,1,1,1,1,1,1,1,1,1,1,1,1,1,1,1,1,1,1
SNID Sep 2026,NOWSHERA,NOWSHERA,AMANGARH:AZAKHEL BALA:AZAKHEL PAYAN:PIRPAI,MT,1,34,30,7,37,1,350,.96667,1.08824,1,1,1,1,1,1,1,1,1,1,1,1,1,1,1,1,1,1,1,1,1,1,1,1,1,1,1,0,1,1,0,1
SNID Sep 2026,CHARSADA,CHARSADDA,AGRA:TURNAB:HISARA YASENZAI,MT,1,26,18,8,26,1,206,.93333,1,1,1,1,1,1,1,1,1,1,1,1,1,1,1,1,1,1,1,1,1,1,1,1,1,1,1,0,0,1,1,1,1
SNID Sep 2026,PESHAWAR,SHAH ALAM,SHAHI BALA,CBV,1,8,8,5,13,0,240,.93333,1.625,1,1,1,1,1,1,0,1,1,1,1,1,1,0,1,1,1,1,1,1,1,1,1,1,1,1,1,1,0,1,0,1
SNID Sep 2026,NOWSHERA,NOWSHERA,PIRSABAQ:RISALPUR CANTT:KABUL RIVER:NAWA KALY,MT,1,32,32,12,44,2,240,1,1.375,1,1,1,1,1,1,1,1,1,1,1,1,1,1,1,1,1,1,1,1,1,1,1,1,1,1,1,1,0,1,0,1
SNID Sep 2026,NOWSHERA,NOWSHERA,BADRASHI:PAHARI KATTI KHEL:MANKI SHAREEF:ZIARAT KAKA SAHIB,MT,1,34,27,7,34,1,360,.92857,1,1,1,1,1,1,1,1,1,1,1,1,1,1,1,1,0,,,1,1,1,1,1,1,1,1,1,0,0,1,1,1
SNID Sep 2026,NOWSHERA,NOWSHERA,MANKI SHAREEF:BADRASHI:PAHARI KATTI KHEL:ZIARAT KAKA SAHIB,MT,1,34,27,7,34,1,360,.96667,1,1,1,1,1,1,1,1,1,1,1,1,1,1,1,1,1,1,1,1,1,1,1,1,1,1,1,1,0,0,1,0,1
SNID Sep 2026,NOWSHERA,NOWSHERA,DHERI KATTI KHEL:CHOCKI TOWN:NOWSHERA CANTT:NOWSHERA CITY,MT,1,27,22,5,27,0,320,.96667,1,1,1,1,1,1,1,1,1,1,1,1,1,1,1,1,1,1,1,1,1,1,1,1,1,1,1,1,0,0,1,1,1
SNID Sep 2026,NOWSHERA,NOWSHERA,KABUL RIVER:NAWA KALY:RISALPUR CANTT:PIRSABAQ,MT,1,28,28,11,39,2,320,.96667,1.39286,1,1,1,1,1,1,1,1,1,1,1,1,1,1,1,1,1,1,1,1,1,1,1,1,1,1,1,0,0,1,0,1
SNID Sep 2026,NOWSHERA,JEHANGIRA,INZARI:MANDURI:KHAIRABAD,MT,1,26,21,3,24,1,180,.8,.92308,1,1,1,1,0,0,1,1,1,0,1,1,1,1,1,1,1,1,1,1,1,0,1,1,1,1,0,0,1,1,0,1
SNID Sep 2026,PESHAWAR,CITY,SUFAID DHERI,CBV,1,23,4,17,21,0,240,1,.91304,1,1,1,1,1,1,1,1,1,1,1,1,1,1,1,1,1,1,1,1,1,1,1,1,1,1,1,1,1,1,0,1
SNID Sep 2026,KHYBER,JAMRUD,ALI MASJID A:ALI MASJID B,CBV,1,13,13,0,13,0,240,1,1,1,1,1,1,1,1,1,1,1,1,1,1,1,1,1,1,1,1,1,1,1,1,1,1,1,1,1,1,1,1,1,1
SNID Sep 2026,KHYBER,JAMRUD,ALI MASJID A:ALI MASJID B,CBV,1,13,13,0,13,0,240,1,1,1,1,1,1,1,1,1,1,1,1,1,1,1,1,1,1,1,1,1,1,1,1,1,1,1,1,1,1,1,1,1,1
SNID Sep 2026,PESHAWAR,SMT,HAZARKHWANI 2:LANDI ARBAB:NOTHIA JADEED,CBV,2,45,6,39,45,0,300,.89286,1,1,1,1,1,0,1,1,1,0,1,1,1,1,1,1,0,,,1,1,1,1,1,1,1,1,1,1,1,1,0,1
SNID Sep 2026,PESHAWAR,CITY,SHAHEEN TOWN,CBV,1,22,22,16,38,0,240,1,1.72727,1,1,1,1,1,1,1,1,1,1,1,1,1,1,1,1,1,1,1,1,1,1,1,1,1,1,1,1,0,1,0,1
SNID Sep 2026,PESHAWAR,CITY,MEHAL TERAI 2,CBV,1,16,1,15,16,0,240,.96667,1,1,1,1,1,1,1,1,1,1,0,1,1,1,1,1,1,1,1,1,1,1,1,1,1,1,1,1,1,0,1,0,1
SNID Sep 2026,PESHAWAR,SHAH ALAM,SAEEDABAD,CBV,1,23,4,19,23,0,240,1,1,1,1,1,1,1,1,1,1,1,1,1,1,1,1,1,1,1,1,1,1,1,1,1,1,1,1,1,1,0,1,0,1
SNID Sep 2026,PESHAWAR,SHAH ALAM,MATHRA:GARHI SHER DAD:PANAM DHERI,CBV,2,32,10,21,31,0,240,.93333,.96875,1,1,1,1,1,1,1,1,1,1,1,1,1,1,1,1,1,1,1,1,1,1,1,1,1,1,1,1,1,0,0,0
SNID Sep 2026,PESHAWAR,SHAH ALAM,GULBELA,CBV,2,10,0,10,10,0,240,1,1,1,1,1,1,1,1,1,1,1,1,1,1,1,1,1,1,1,1,1,1,1,1,1,1,1,1,1,1,0,1,0,1
SNID Sep 2026,MOHMAND,KHAWEZAI,JUMA KHEL:KHADI KHEL,MT,1,27,19,0,19,6,300,1,.7037,1,1,1,1,1,1,1,1,1,1,1,1,1,1,1,1,1,1,1,1,1,1,1,1,1,1,1,1,1,1,0,1
SNID Sep 2026,MOHMAND,AMBAR,HAD KOR,MT,1,17,14,0,14,6,335,.96667,.82353,1,1,1,1,1,1,1,1,1,1,1,1,1,1,1,1,1,1,1,1,1,1,1,1,1,1,1,0,1,1,0,1
SNID Sep 2026,PESHAWAR,CITY,GUNJ,CBV,1,10,10,10,20,0,240,1,2,1,1,1,1,1,1,1,1,1,1,1,1,1,1,1,1,1,1,1,1,1,1,1,1,1,1,1,1,1,1,0,1
SNID Sep 2026,PESHAWAR,CITY,KHALSA 2,CBV,1,21,0,21,21,0,260,1,1,1,1,1,1,1,1,1,1,1,1,1,1,1,1,1,1,1,1,1,1,1,1,1,1,1,1,1,1,0,1,0,1
SNID Sep 2026,PESHAWAR,CITY,SIKANDAR TOWN,CBV,1,16,16,16,32,0,180,.93333,2,1,1,1,1,1,1,1,1,1,1,1,1,1,1,1,1,1,1,1,1,1,1,1,1,1,1,0,0,0,1,0,1
SNID Sep 2026,MOHMAND,HALEEMZAI,KASSI,MT,1,28,27,10,37,2,250,.96667,1.32143,1,1,1,1,1,1,1,1,1,1,1,1,1,1,1,1,1,1,1,0,1,1,1,1,1,1,1,1,1,1,0,1
SNID Sep 2026,PESHAWAR,CITY,KHALSA 2,CBV,2,20,0,20,20,0,260,1,1,1,1,1,1,1,1,1,1,1,1,1,1,1,1,1,1,1,1,1,1,1,1,1,1,1,1,1,1,0,1,1,1
