camp,month,year,district,tehsil,uc,code,type,result,lots,away,newborn,migrant,refused,sleeping,tnv,tmc,vnfm,unknown,inacc,missed,r_demand,r_fatigue,r_hospdr,r_religion,r_rumour,r_security,r_sick,r_unknown,d0,d13,d4p,ddk
NID Feb 26,FEB,2026,CHARSADA,CHARSADDA,CHENDRO DAAG,33101003,NON-CBV,Pass,1,0,0,0,0,,0,0,,0,0,,,,,,,,,,,,,
NID Feb 26,FEB,2026,CHARSADA,CHARSADDA,DARGAY,33101004,NON-CBV,Pass,1,0,0,0,0,,0,1,,0,0,1,,,,,,,,,,,,
NID Apr 26,APR,2026,CHARSADA,CHARSADDA,GHONDA KARKANA,33101007,NON-CBV,Pass,1,1,0,0,0,,1,1,,0,0,3,,,,,,,,,,,,
NID Apr 26,APR,2026,CHARSADA,CHARSADDA,MC-4 CHARSADDA,33101013,NON-CBV,Fail,1,1,0,0,0,,1,2,,0,0,4,,,,,,,,,,,,
SNID Sept 2026,SEP,2026,CHARSADA,CHARSADDA,MC-4 CHARSADDA,33101013,NON-CBV,Pass,1,0,0,0,0,,1,0,,0,0,1,,,,,,,,,,,,
SNID Sept 2026,SEP,2026,CHARSADA,CHARSADDA,MIRA PRANG,33101015,NON-CBV,Fail,1,3,0,0,1,,0,0,,0,0,4,,,,,,,,,,,,
SNID Sept 2026,SEP,2026,CHARSADA,CHARSADDA,TURNAB,33101023,NON-CBV,Pass,1,0,0,0,1,,0,0,,0,0,1,,,,,,,,,,,,
SNID Sept 2026,SEP,2026,CHARSADA,SHABQADAR,BATTAGRAM,33102001,NON-CBV,Pass,1,0,0,0,3,,0,0,,0,0,3,,,,,,,,,,,,
SNID Sept 2026,SEP,2026,CHARSADA,SHABQADAR,HASSANZAI,33102004,NON-CBV,Fail,1,1,0,0,7,,0,0,,0,0,8,,,,,,,,,,,,
NID Apr 26,APR,2026,CHARSADA,SHABQADAR,KATOZAI,33102006,NON-CBV,Pass,1,0,0,0,0,,0,1,,0,0,1,,,,,,,,,,,,
NID Feb 26,FEB,2026,CHARSADA,SHABQADAR,RASHAKI,33102012,NON-CBV,Pass,1,1,0,0,0,,1,0,,0,0,2,,,,,,,,,,,,
NID Feb 26,FEB,2026,CHARSADA,TANGI,DHAKKI,33103002,NON-CBV,Pass,1,1,0,0,0,,0,0,,0,0,1,,,,,,,,,,,,
SNID Sept 2026,SEP,2026,CHARSADA,TANGI,GANDHERI,33103003,NON-CBV,Pass,1,0,0,0,0,,0,0,,0,0,,,,,,,,,,,,,
NID Apr 26,APR,2026,CHARSADA,TANGI,KOZ BEHRAM DHERI,33103006,NON-CBV,Pass,1,0,0,0,0,,0,0,,0,0,,,,,,,,,,,,,
NID DEC 2025,DEC,2025,KHYBER,BARA,ABDULLAH JAN,33401102,CBV,Pass,1,0,0,0,1,,1,1,,0,0,3,,,,,,,,,,,,
SNID Sept 2026,SEP,2026,KHYBER,BARA,FORT SLOPE,33401105,CBV,Pass,1,0,0,0,0,,0,0,,0,0,,,,,,,,,,,,,
NID DEC 2025,DEC,2025,KHYBER,BARA,JANBAZ A,33401107,CBV,Pass,1,0,0,0,2,,0,0,,0,0,2,,,,,,,,,,,,
SNID Sept 2026,SEP,2026,KHYBER,BARA,MANDI KAS,33401111,CBV,Pass,1,0,0,0,1,,0,0,,0,0,1,,,,,,,,,,,,
NID DEC 2025,DEC,2025,KHYBER,JAMRUD,ALI MASJID A,33402070,CBV,Pass,1,0,0,0,1,,0,0,,0,0,1,,,,,,,,,,,,
NID DEC 2025,DEC,2025,KHYBER,JAMRUD,ALI MASJID B,33402071,CBV,Pass,1,1,0,0,0,,0,1,,0,0,2,,,,,,,,,,,,
SNID May 2026,MAY,2026,KHYBER,JAMRUD,GHUNDI A,33402073,CBV,Fail,1,0,0,0,1,,1,5,,0,0,7,,,,,,,,,,,,
SNID Sept 2026,SEP,2026,KHYBER,JAMRUD,GHUNDI A,33402073,CBV,Pass,1,0,0,0,0,,0,1,,0,0,1,,,,,,,,,,,,
NID Apr 26,APR,2026,KHYBER,JAMRUD,LOWARA MIANA,33402075,CBV,Pass,1,1,0,0,0,,0,0,,0,0,1,,,,,,,,,,,,
NID Apr 26,APR,2026,KHYBER,JAMRUD,NEW ABADI,33402077,CBV,Pass,1,0,0,0,0,,1,0,,0,0,1,,,,,,,,,,,,
SNID Sept 2026,SEP,2026,KHYBER,JAMRUD,PAINDI LALMA,33402079,CBV,Pass,1,0,0,0,0,,0,0,,0,0,,,,,,,,,,,,,
NID DEC 2025,DEC,2025,KHYBER,JAMRUD,SHAH KAS A,33402081,CBV,Pass,1,0,0,0,1,,0,0,,0,0,1,,,,,,,,,,,,
SNID May 2026,MAY,2026,KHYBER,JAMRUD,SHAH KAS B,33402082,CBV,Pass,1,0,0,0,0,,0,0,,0,0,,,,,,,,,,,,,
NID DEC 2025,DEC,2025,KHYBER,JAMRUD,SUR KAMAR,33402083,CBV,Pass,1,0,0,0,0,,0,0,,0,0,,,,,,,,,,,,,
NID Feb 26,FEB,2026,KHYBER,JAMRUD,TIDI BAZAR,33402084,CBV,Pass,1,1,0,0,0,,0,0,,0,0,1,,,,,,,,,,,,
NID DEC 2025,DEC,2025,KHYBER,LANDI KOTAL,KAM SHALMAN,33404064,CBV,Pass,1,0,0,0,0,,0,0,,0,0,,,,,,,,,,,,,
SNID May 2026,MAY,2026,KHYBER,LANDI KOTAL,KARAMNA,33404065,CBV,Pass,1,1,0,0,0,,0,0,,0,0,1,,,,,,,,,,,,
NID Apr 26,APR,2026,KHYBER,LANDI KOTAL,KHUGA KHEL,33404066,CBV,Pass,1,0,0,0,0,,0,0,,0,0,,,,,,,,,,,,,
NID Feb 26,FEB,2026,KHYBER,LANDI KOTAL,LOE SHALMAN B,33404068,CBV,Pass,1,0,0,0,0,,0,0,,0,0,,,,,,,,,,,,,
NID Apr 26,APR,2026,KHYBER,LANDI KOTAL,MIRDAD KHEL,33404069,CBV,Pass,1,0,0,0,0,,0,1,,0,0,1,,,,,,,,,,,,
NID DEC 2025,DEC,2025,KHYBER,LANDI KOTAL,MIRDAD KHEL,33404069,CBV,Pass,1,0,0,0,0,,0,0,,0,0,,,,,,,,,,,,,
NID Feb 26,FEB,2026,KHYBER,LANDI KOTAL,MIRDAD KHEL,33404069,CBV,Pass,1,0,0,0,0,,0,0,,0,0,,,,,,,,,,,,,
NID Apr 26,APR,2026,KHYBER,LANDI KOTAL,PIROKHEL,33404070,CBV,Pass,1,1,0,0,1,,0,1,,0,0,3,,,,,,,,,,,,
NID Apr 26,APR,2026,KHYBER,LANDI KOTAL,SHEIKHMAL KHEL,33404071,CBV,Pass,1,0,0,0,0,,0,0,,0,0,,,,,,,,,,,,,
NID Feb 26,FEB,2026,KHYBER,LANDI KOTAL,STATION,33404072,CBV,Pass,1,0,0,0,1,,0,0,,0,0,1,,,,,,,,,,,,
SNID Sept 2026,SEP,2026,KHYBER,LANDI KOTAL,STATION,33404072,CBV,Pass,1,0,0,0,0,,0,0,,0,0,,,,,,,,,,,,,
SNID May 2026,MAY,2026,KHYBER,LANDI KOTAL,SULTAN KHEL A,33404073,CBV,Pass,1,0,0,0,0,,0,0,,0,0,,,,,,,,,,,,,
NID Feb 26,FEB,2026,KHYBER,LANDI KOTAL,SULTAN KHEL B,33404074,CBV,Pass,1,0,0,0,0,,0,0,,0,0,,,,,,,,,,,,,
SNID Sept 2026,SEP,2026,KHYBER,LANDI KOTAL,TIRAH BAZAR A,33404075,CBV,Pass,1,0,0,0,0,,0,0,,0,0,,,,,,,,,,,,,
NID Feb 26,FEB,2026,KHYBER,LANDI KOTAL,TORKHAM,33404078,CBV,Pass,1,0,0,0,0,,0,0,,0,0,,,,,,,,,,,,,
SNID May 2026,MAY,2026,MOHMAND,AMBAR,CHARGOLAI,33501010,NON-CBV,Pass,1,0,0,0,0,,0,0,,0,0,,,,,,,,,,,,,
NID Feb 26,FEB,2026,MOHMAND,BAIZAI,KODA KHEL,33508015,NON-CBV,Pass,1,0,0,0,0,,1,1,,0,0,2,,,,,,,,,,,,
SNID May 2026,MAY,2026,MOHMAND,EKKAGHUND,AQRAB DAG,33502016,NON-CBV,Pass,1,0,0,0,0,,0,0,,0,0,,,,,,,,,,,,,
NID DEC 2025,DEC,2025,MOHMAND,EKKAGHUND,DAB KOR,33502013,NON-CBV,Pass,1,0,0,0,0,,0,0,,0,0,,,,,,,,,,,,,
SNID May 2026,MAY,2026,MOHMAND,EKKAGHUND,DAB KOR,33502013,NON-CBV,Pass,1,0,0,0,0,,0,0,,0,0,,,,,,,,,,,,,
SNID Sept 2026,SEP,2026,MOHMAND,EKKAGHUND,EKKAGHUND,33502014,NON-CBV,Pass,1,0,0,0,0,,0,0,,0,0,,,,,,,,,,,,,
NID DEC 2025,DEC,2025,MOHMAND,HALEEMZAI,GHALLANAI,33503011,NON-CBV,Pass,1,0,0,0,0,,0,1,,0,0,1,,,,,,,,,,,,
SNID Sept 2026,SEP,2026,MOHMAND,HALEEMZAI,GHALLANAI,33503011,NON-CBV,Pass,1,0,0,0,0,,0,0,,0,0,,,,,,,,,,,,,
SNID May 2026,MAY,2026,MOHMAND,HALEEMZAI,KAMALI,33503012,NON-CBV,Pass,1,0,0,0,0,,0,0,,0,0,,,,,,,,,,,,,
SNID May 2026,MAY,2026,MOHMAND,HALEEMZAI,KASSI,33503013,NON-CBV,Pass,1,0,0,0,0,,0,0,,0,0,,,,,,,,,,,,,
NID Feb 26,FEB,2026,MOHMAND,KHAWEZAI,KHADI KHEL,33509007,NON-CBV,Pass,1,0,0,0,0,,1,0,,0,0,1,,,,,,,,,,,,
NID DEC 2025,DEC,2025,MOHMAND,PANDIALI,PANDIALI,33505018,NON-CBV,Pass,1,1,0,0,0,,0,0,,0,0,1,,,,,,,,,,,,
SNID May 2026,MAY,2026,MOHMAND,PANDIALI,PANDIALI,33505018,NON-CBV,Pass,1,0,0,0,0,,0,0,,0,0,,,,,,,,,,,,,
NID Feb 26,FEB,2026,MOHMAND,PANDIALI,TAMANZAI,33505019,NON-CBV,Pass,1,2,0,0,0,,0,1,,0,0,3,,,,,,,,,,,,
SNID Sept 2026,SEP,2026,MOHMAND,PARANG GHAAR,ASGHAR,33506009,NON-CBV,Pass,1,1,0,0,0,,1,0,,0,0,2,,,,,,,,,,,,
SNID Sept 2026,SEP,2026,MOHMAND,SAFI LAKARO,LAKARO,33507021,NON-CBV,Pass,1,0,0,0,1,,0,0,,0,0,1,,,,,,,,,,,,
NID DEC 2025,DEC,2025,MOHMAND,SAFI LAKARO,MAMAD GAT,33507022,NON-CBV,Pass,1,0,0,0,0,,0,0,,0,0,,,,,,,,,,,,,
SNID Sept 2026,SEP,2026,MOHMAND,SAFI LAKARO,MAMAD GAT,33507022,NON-CBV,Fail,1,0,0,0,0,,2,4,,0,0,6,,,,,,,,,,,,
NID Feb 26,FEB,2026,MOHMAND,SAFI LAKARO,MASOOD,33507023,NON-CBV,Pass,1,2,0,0,0,,0,0,,0,0,2,,,,,,,,,,,,
SNID Sept 2026,SEP,2026,MOHMAND,SAFI LAKARO,MASOOD,33507023,NON-CBV,Pass,1,0,0,0,0,,0,3,,0,0,3,,,,,,,,,,,,
SNID Sept 2026,SEP,2026,NOWSHERA,JEHANGIRA,ADAMZAI,33203001,NON-CBV,Pass,1,0,0,0,0,,0,1,,0,0,1,,,,,,,,,,,,
NID Apr 26,APR,2026,NOWSHERA,JEHANGIRA,INZARI,33203004,NON-CBV,Pass,1,0,0,0,0,,0,0,,0,0,,,,,,,,,,,,,
NID Apr 26,APR,2026,NOWSHERA,JEHANGIRA,JEHANGIRA,33203005,NON-CBV,Pass,1,0,0,0,0,,0,0,,0,0,,,,,,,,,,,,,
NID Feb 26,FEB,2026,NOWSHERA,JEHANGIRA,KHAIRABAD CAMP,33203008,NON-CBV,Pass,1,0,0,0,0,,0,0,,0,0,,,,,,,,,,,,,
NID Apr 26,APR,2026,NOWSHERA,JEHANGIRA,MANDURI,33203009,NON-CBV,Pass,1,0,0,0,0,,0,0,,0,0,,,,,,,,,,,,,
NID DEC 2025,DEC,2025,NOWSHERA,JEHANGIRA,MANDURI,33203009,NON-CBV,Pass,1,0,0,0,0,,0,0,,0,0,,,,,,,,,,,,,
SNID May 2026,MAY,2026,NOWSHERA,JEHANGIRA,MISRI BANDA,33203011,NON-CBV,Pass,1,0,0,0,0,,0,0,,0,0,,,,,,,,,,,,,
SNID Sept 2026,SEP,2026,NOWSHERA,JEHANGIRA,MUGHALKI,33203012,NON-CBV,Pass,1,0,0,0,0,,0,1,,0,0,1,,,,,,,,,,,,
SNID May 2026,MAY,2026,NOWSHERA,JEHANGIRA,SHAIDU,33203014,NON-CBV,Pass,1,0,0,0,0,,0,0,,0,0,,,,,,,,,,,,,
SNID May 2026,MAY,2026,NOWSHERA,NOWSHERA,AMANGARH,33202004,NON-CBV,Pass,1,0,0,0,1,,0,0,,0,0,1,,,,,,,,,,,,
SNID May 2026,MAY,2026,NOWSHERA,NOWSHERA,AZAKHEL BALA,33202006,NON-CBV,Pass,1,0,0,0,0,,1,0,,0,0,1,,,,,,,,,,,,
NID Feb 26,FEB,2026,NOWSHERA,NOWSHERA,GANDHERI,33202017,NON-CBV,Pass,1,0,0,0,0,,0,0,,0,0,,,,,,,,,,,,,
SNID Sept 2026,SEP,2026,NOWSHERA,NOWSHERA,KABUL RIVER,33202021,NON-CBV,Pass,1,0,0,0,0,,0,1,,0,0,1,,,,,,,,,,,,
NID Feb 26,FEB,2026,NOWSHERA,NOWSHERA,KHESHGI PAYAN,33202026,NON-CBV,Pass,1,0,0,0,0,,0,0,,0,0,,,,,,,,,,,,,
NID DEC 2025,DEC,2025,NOWSHERA,NOWSHERA,NAWA KALY,33202034,NON-CBV,Pass,1,0,0,0,0,,0,0,,0,0,,,,,,,,,,,,,
NID Apr 26,APR,2026,NOWSHERA,NOWSHERA,PIRSABAQ,33202040,NON-CBV,Pass,1,0,0,0,0,,1,2,,0,0,3,,,,,,,,,,,,
SNID Sept 2026,SEP,2026,NOWSHERA,NOWSHERA,RASHAKAI,33202041,NON-CBV,Pass,1,0,0,0,0,,0,0,,0,0,,,,,,,,,,,,,
NID DEC 2025,DEC,2025,NOWSHERA,NOWSHERA,RISALPUR CANTT,33202049,NON-CBV,Pass,1,0,0,0,0,,0,0,,0,0,,,,,,,,,,,,,
SNID May 2026,MAY,2026,NOWSHERA,NOWSHERA,ZARA MAINA,33202046,NON-CBV,Pass,1,0,0,0,0,,0,1,,0,0,1,,,,,,,,,,,,
SNID Sept 2026,SEP,2026,NOWSHERA,NOWSHERA,ZIARAT KAKA SAHIB,33202047,NON-CBV,Pass,1,1,0,0,0,,0,1,,0,0,2,,,,,,,,,,,,
SNID Sept 2026,SEP,2026,NOWSHERA,PABBI,BALU,33204003,NON-CBV,Fail,1,1,0,0,0,,1,2,,0,0,4,,,,,,,,,,,,
SNID May 2026,MAY,2026,NOWSHERA,PABBI,JALOZAI,33204008,NON-CBV,Pass,1,0,0,0,0,,0,0,,0,0,,,,,,,,,,,,,
NID DEC 2025,DEC,2025,NOWSHERA,PABBI,PABBI,33204012,NON-CBV,Pass,1,0,0,0,0,,0,0,,0,0,,,,,,,,,,,,,
NID Feb 26,FEB,2026,NOWSHERA,PABBI,TURKMEN CAMP,33204016,NON-CBV,Pass,1,0,0,0,0,,0,0,,0,0,,,,,,,,,,,,,
SNID Sept 2026,SEP,2026,PESHAWAR,CITY,ANDERSHEHER,33004001,CBV,Pass,1,0,0,0,1,,0,1,,0,0,2,,,,,,,,,,,,
NID Apr 26,APR,2026,PESHAWAR,CITY,CANTT WARD 2,33004004,NON-CBV,Pass,1,1,0,0,0,,0,0,,0,0,1,,,,,,,,,,,,
NID DEC 2025,DEC,2025,PESHAWAR,CITY,CANTT WARD 2,33004004,NON-CBV,Pass,1,0,0,0,1,,0,0,,0,0,1,,,,,,,,,,,,
NID Apr 26,APR,2026,PESHAWAR,CITY,CANTT WARD 3,33004005,NON-CBV,Pass,1,0,0,0,0,,0,0,,0,0,,,,,,,,,,,,,
NID Feb 26,FEB,2026,PESHAWAR,CITY,CANTT WARD 4,33004006,NON-CBV,Pass,1,1,0,0,0,,0,0,,0,0,1,,,,,,,,,,,,
NID DEC 2025,DEC,2025,PESHAWAR,CITY,FAQIR ABAD,33004007,CBV,Pass,1,0,0,0,0,,1,1,,0,0,2,,,,,,,,,,,,
SNID May 2026,MAY,2026,PESHAWAR,CITY,HASAN GARHI 2,33004011,CBV,Pass,1,0,0,0,0,,0,0,,0,0,,,,,,,,,,,,,
NID Feb 26,FEB,2026,PESHAWAR,CITY,HAYAT ABAD 1,33004012,CBV,Pass,1,0,0,0,0,,1,1,,0,0,2,,,,,,,,,,,,
SNID Sept 2026,SEP,2026,PESHAWAR,CITY,HAYAT ABAD 1,33004012,CBV,Pass,1,0,0,0,1,,0,0,,0,0,1,,,,,,,,,,,,
NID Feb 26,FEB,2026,PESHAWAR,CITY,HAYAT ABAD 2,33004013,CBV,Pass,1,0,0,0,0,,0,0,,0,0,,,,,,,,,,,,,
NID Apr 26,APR,2026,PESHAWAR,CITY,JEHANGIR PURA,33004014,CBV,Pass,1,0,0,0,0,,0,0,,0,0,,,,,,,,,,,,,
NID DEC 2025,DEC,2025,PESHAWAR,CITY,KARIM PURA,33004016,CBV,Pass,1,0,0,0,0,,1,0,,0,0,1,,,,,,,,,,,,
SNID Sept 2026,SEP,2026,PESHAWAR,CITY,KHALSA 2,33004018,CBV,Pass,1,0,0,0,0,,0,0,,0,0,,,,,,,,,,,,,
NID Feb 26,FEB,2026,PESHAWAR,CITY,MALAKANDHER,33004020,CBV,Pass,1,0,0,0,0,,1,0,,0,0,1,,,,,,,,,,,,
SNID Sept 2026,SEP,2026,PESHAWAR,CITY,MEHAL TERAI 2,33004022,CBV,Pass,1,0,0,0,0,,0,0,,0,0,,,,,,,,,,,,,
SNID May 2026,MAY,2026,PESHAWAR,CITY,PAWAKA,33004024,CBV,Pass,1,1,0,0,0,,0,0,,0,0,1,,,,,,,,,,,,
SNID Sept 2026,SEP,2026,PESHAWAR,CITY,SHAHEEN TOWN,33004026,CBV,Pass,1,1,0,0,0,,0,0,,0,0,1,,,,,,,,,,,,
SNID Sept 2026,SEP,2026,PESHAWAR,CITY,SHAHI BAGH,33004027,CBV,Pass,1,0,0,0,0,,0,3,,0,0,3,,,,,,,,,,,,
NID Feb 26,FEB,2026,PESHAWAR,CITY,SUFAID DHERI,33004029,CBV,Pass,1,0,0,0,0,,0,1,,0,0,1,,,,,,,,,,,,
NID Apr 26,APR,2026,PESHAWAR,CITY,TEHKAL PAYAN,33004031,CBV,Pass,1,1,0,0,0,,0,0,,0,0,1,,,,,,,,,,,,
NID DEC 2025,DEC,2025,PESHAWAR,CITY,TEHKAL PAYAN,33004031,CBV,Pass,1,0,0,0,0,,1,0,,0,0,1,,,,,,,,,,,,
NID Feb 26,FEB,2026,PESHAWAR,CITY,TEHKAL PAYAN 2 IRRIG,33004032,CBV,Pass,1,0,0,0,0,,0,0,,0,0,,,,,,,,,,,,,
NID DEC 2025,DEC,2025,PESHAWAR,CITY,UNIVERSITY TOWN,33004033,CBV,Pass,1,0,0,0,0,,0,0,,0,0,,,,,,,,,,,,,
SNID Sept 2026,SEP,2026,PESHAWAR,CITY,UNIVERSITY TOWN,33004033,CBV,Pass,1,0,0,0,0,,0,0,,0,0,,,,,,,,,,,,,
NID Feb 26,FEB,2026,PESHAWAR,MATTANI,ACHINI,33005001,CBV,Pass,1,0,0,0,0,,0,0,,0,0,,,,,,,,,,,,,
SNID Sept 2026,SEP,2026,PESHAWAR,MATTANI,ACHINI,33005001,CBV,Pass,1,0,0,0,0,,0,0,,0,0,,,,,,,,,,,,,
SNID May 2026,MAY,2026,PESHAWAR,MATTANI,MASHOGAGAR,33005003,CBV,Pass,1,0,0,0,0,,0,1,,0,0,1,,,,,,,,,,,,
SNID Sept 2026,SEP,2026,PESHAWAR,MATTANI,MATTANI,33005004,CBV,Pass,1,0,0,0,0,,0,0,,0,0,,,,,,,,,,,,,
NID Feb 26,FEB,2026,PESHAWAR,MATTANI,SHEIKHAN,33005008,CBV,Pass,1,1,0,0,1,,0,1,,0,0,3,,,,,,,,,,,,
NID Apr 26,APR,2026,PESHAWAR,MATTANI,SULEMAN KHEIL,33005009,CBV,Pass,1,0,0,0,0,,0,0,,0,0,,,,,,,,,,,,,
NID DEC 2025,DEC,2025,PESHAWAR,MATTANI,SULEMAN KHEIL,33005009,CBV,Pass,1,0,0,0,0,,0,0,,0,0,,,,,,,,,,,,,
NID Feb 26,FEB,2026,PESHAWAR,SADDAR,AZAKHEL TELABAND,33006002,CBV,Pass,1,0,0,0,0,,0,0,,0,0,,,,,,,,,,,,,
NID Apr 26,APR,2026,PESHAWAR,SADDAR,BADABER HUREZAI,33006003,CBV,Pass,1,0,0,0,0,,1,0,,0,0,1,,,,,,,,,,,,
SNID Sept 2026,SEP,2026,PESHAWAR,SADDAR,BADABER MARYAMZAI,33006004,CBV,Pass,1,0,0,0,0,,0,0,,0,0,,,,,,,,,,,,,
SNID May 2026,MAY,2026,PESHAWAR,SADDAR,MERA KACHORI,33006007,CBV,Pass,1,0,0,0,0,,0,0,,0,0,,,,,,,,,,,,,
NID DEC 2025,DEC,2025,PESHAWAR,SADDAR,MERA SUREZAI PAYAN,33006008,CBV,Pass,1,0,0,0,0,,0,0,,0,0,,,,,,,,,,,,,
NID Feb 26,FEB,2026,PESHAWAR,SADDAR,MUSAZAI,33006009,CBV,Pass,1,0,0,0,0,,0,0,,0,0,,,,,,,,,,,,,
SNID Sept 2026,SEP,2026,PESHAWAR,SADDAR,MUSAZAI,33006009,CBV,Pass,1,0,0,0,0,,0,0,,0,0,,,,,,,,,,,,,
NID Feb 26,FEB,2026,PESHAWAR,SADDAR,SUREZAI BALA,33006011,CBV,Pass,1,0,0,0,0,,0,0,,0,0,,,,,,,,,,,,,
NID Apr 26,APR,2026,PESHAWAR,SADDAR,URMAR BALA,33006013,CBV,Pass,1,0,0,0,0,,0,0,,0,0,,,,,,,,,,,,,
NID DEC 2025,DEC,2025,PESHAWAR,SADDAR,URMAR BALA,33006013,CBV,Pass,1,0,0,0,0,,0,0,,0,0,,,,,,,,,,,,,
NID Apr 26,APR,2026,PESHAWAR,SADDAR,URMAR MIANA,33006014,CBV,Pass,1,0,0,0,0,,0,0,,0,0,,,,,,,,,,,,,
NID DEC 2025,DEC,2025,PESHAWAR,SADDAR,URMAR MIANA,33006014,CBV,Pass,1,0,0,0,0,,0,0,,0,0,,,,,,,,,,,,,
SNID Sept 2026,SEP,2026,PESHAWAR,SADDAR,URMAR PAYAN,33006015,CBV,Pass,1,0,0,0,0,,0,0,,0,0,,,,,,,,,,,,,
SNID Sept 2026,SEP,2026,PESHAWAR,SHAH ALAM,BUDHNI,33007001,CBV,Pass,1,0,0,0,0,,0,0,,0,0,,,,,,,,,,,,,
NID Feb 26,FEB,2026,PESHAWAR,SHAH ALAM,DAG,33007003,CBV,Pass,1,0,0,0,1,,0,0,,0,0,1,,,,,,,,,,,,
SNID May 2026,MAY,2026,PESHAWAR,SHAH ALAM,GARHI SHER DAD,33007004,CBV,Pass,1,0,0,0,0,,0,1,,0,0,1,,,,,,,,,,,,
NID Apr 26,APR,2026,PESHAWAR,SHAH ALAM,GULBELA,33007005,CBV,Pass,1,0,0,0,1,,0,0,,0,0,1,,,,,,,,,,,,
NID DEC 2025,DEC,2025,PESHAWAR,SHAH ALAM,GULBELA,33007005,CBV,Pass,1,0,0,0,0,,0,0,,0,0,,,,,,,,,,,,,
NID Feb 26,FEB,2026,PESHAWAR,SHAH ALAM,HARYANA PAYAN,33007006,CBV,Pass,1,0,0,0,1,,0,0,,0,0,1,,,,,,,,,,,,
SNID Sept 2026,SEP,2026,PESHAWAR,SHAH ALAM,KANKOLA,33007010,CBV,Pass,1,0,0,0,0,,0,0,,0,0,,,,,,,,,,,,,
NID Apr 26,APR,2026,PESHAWAR,SHAH ALAM,KHAZANA,33007011,CBV,Pass,1,0,0,0,0,,0,0,,0,0,,,,,,,,,,,,,
NID DEC 2025,DEC,2025,PESHAWAR,SHAH ALAM,LALA KALAY,33007012,CBV,Pass,1,0,0,0,0,,0,0,,0,0,,,,,,,,,,,,,
NID Apr 26,APR,2026,PESHAWAR,SHAH ALAM,LARAMA,33007013,CBV,Pass,1,0,0,0,0,,0,0,,0,0,,,,,,,,,,,,,
SNID Sept 2026,SEP,2026,PESHAWAR,SHAH ALAM,PAKHA GHULAM,33007017,CBV,Fail,1,0,0,0,1,,0,3,,0,0,4,,,,,,,,,,,,
NID DEC 2025,DEC,2025,PESHAWAR,SHAH ALAM,SAEEDABAD,33007019,CBV,Pass,1,0,0,0,0,,0,0,,0,0,,,,,,,,,,,,,
SNID Sept 2026,SEP,2026,PESHAWAR,SHAH ALAM,SAEEDABAD,33007019,CBV,Pass,1,0,0,0,0,,0,1,,0,0,1,,,,,,,,,,,,
NID Apr 26,APR,2026,PESHAWAR,SHAH ALAM,SHAHI BALA,33007020,CBV,Pass,1,0,0,0,1,,0,0,,0,0,1,,,,,,,,,,,,
NID Feb 26,FEB,2026,PESHAWAR,SHAH ALAM,TUKHTABAD,33007021,CBV,Pass,1,0,0,0,0,,0,0,,0,0,,,,,,,,,,,,,
NID Apr 26,APR,2026,PESHAWAR,SMT,AKHOON ABAD,33008001,CBV,Pass,1,0,0,0,0,,0,0,,0,0,,,,,,,,,,,,,
NID DEC 2025,DEC,2025,PESHAWAR,SMT,BHANA MARI,33008002,CBV,Pass,1,0,0,0,0,,0,0,,0,0,,,,,,,,,,,,,
SNID Sept 2026,SEP,2026,PESHAWAR,SMT,BHANA MARI,33008002,CBV,Pass,1,0,0,0,0,,0,0,,0,0,,,,,,,,,,,,,
SNID May 2026,MAY,2026,PESHAWAR,SMT,DEH BAHADAR,33008004,CBV,Pass,1,0,0,0,1,,0,0,,0,0,1,,,,,,,,,,,,
NID Apr 26,APR,2026,PESHAWAR,SMT,DERI BAGHBANAN,33008005,CBV,Pass,1,1,0,0,0,,0,0,,0,0,1,,,,,,,,,,,,
NID DEC 2025,DEC,2025,PESHAWAR,SMT,HAZARKHWANI 1,33008006,CBV,Pass,1,0,0,0,2,,0,1,,0,0,3,,,,,,,,,,,,
NID Feb 26,FEB,2026,PESHAWAR,SMT,HAZARKHWANI 2,33008007,CBV,Pass,1,0,0,0,0,,0,0,,0,0,,,,,,,,,,,,,
NID DEC 2025,DEC,2025,PESHAWAR,SMT,KAKSHAL 2,33008008,CBV,Pass,1,0,0,0,0,,0,0,,0,0,,,,,,,,,,,,,
NID Feb 26,FEB,2026,PESHAWAR,SMT,LANDI ARBAB,33008009,CBV,Pass,1,0,0,0,0,,0,0,,0,0,,,,,,,,,,,,,
NID Feb 26,FEB,2026,PESHAWAR,SMT,NOTHIA JADEED,33008010,CBV,Pass,1,0,0,0,0,,0,2,,0,0,2,,,,,,,,,,,,
NID Feb 26,FEB,2026,PESHAWAR,SMT,NOTHIA QADEEM,33008011,CBV,Pass,1,0,0,0,0,,0,0,,0,0,,,,,,,,,,,,,
SNID Sept 2026,SEP,2026,PESHAWAR,SMT,NOTHIA QADEEM,33008011,CBV,Pass,1,0,0,0,0,,0,1,,0,0,1,,,,,,,,,,,,
NID Apr 26,APR,2026,PESHAWAR,SMT,SHAHEEN MUSLIM TWN1,33008012,CBV,Pass,1,0,0,0,0,,0,0,,0,0,,,,,,,,,,,,,
NID DEC 2025,DEC,2025,PESHAWAR,SMT,SHAHEEN MUSLIM TWN1,33008012,CBV,Pass,1,0,0,0,0,,0,0,,0,0,,,,,,,,,,,,,
SNID Sept 2026,SEP,2026,PESHAWAR,SMT,SHAHEEN MUSLIM TWN1,33008012,CBV,Pass,1,0,0,0,0,,1,0,,0,0,1,,,,,,,,,,,,
SNID Sept 2026,SEP,2026,PESHAWAR,SMT,SHAHEEN MUSLIM TWN2,33008013,CBV,Pass,1,0,0,0,0,,0,0,,0,0,,,,,,,,,,,,,
NID Apr 26,APR,2026,PESHAWAR,SMT,SHEIKH JUNAID ABAD,33008014,CBV,Pass,1,0,0,0,0,,0,0,,0,0,,,,,,,,,,,,,
NID DEC 2025,DEC,2025,PESHAWAR,SMT,SHEIKH JUNAID ABAD,33008014,CBV,Pass,1,0,0,0,0,,0,0,,0,0,,,,,,,,,,,,,
NID Apr 26,APR,2026,PESHAWAR,SMT,WAZIR BAGH,33008015,CBV,Pass,1,1,0,0,0,,0,0,,0,0,1,,,,,,,,,,,,
NID DEC 2025,DEC,2025,PESHAWAR,SMT,WAZIR BAGH,33008015,CBV,Pass,1,0,0,0,2,,1,0,,0,0,3,,,,,,,,,,,,
NID Apr 26,APR,2026,PESHAWAR,SMT,YAKATOOT 2,33008017,CBV,Pass,1,0,0,0,0,,0,0,,0,0,,,,,,,,,,,,,
