Campaign,Province,District,Tehsil,UC name,UC Code,MPQA Reported,Desk Review %,Field Validation %,Over-all %,Band,Field vs Desk,Micro Plan available with UCMO,HR numbers match District Resource Plan,SBC component complete,UC Map complete,HH totals reconcile,Team workload within limits,Hamlets / streets listed,AIC/AS Map complete,Vaccine & logistics plan,MMP in AIC/AS area,Starting Point HH details,Team Route Map & landmark,School / madrassa target,Hamlet exists in Operational Plan,MMP in today's plan,Ending Point HH details,Geographic category matches
SNID Sep 2026,KP,PESHAWAR,SMT,SHAHEEN MUSLIM TWN1,33008012,Yes,100,100,100,Good,0,100,100,100,100,100,100,100,100,100,100,100,100,,100,100,100,100
SNID Sep 2026,KP,PESHAWAR,SMT,AKHOON ABAD,33008001,Yes,98.53,98.38,98.42,Good,-.15,100,100,100,75,100,100,100,100,100,100,100,87.5,100,100,100,100,100
SNID Sep 2026,KP,KHYBER,BARA,ABDULLAH JAN,33401102,Yes,86.05,93.65,91.56,Good,7.6,100,100,100,100,100,25,100,100,100,100,93.75,100,100,100,66.67,100,87.5
SNID Sep 2026,KP,PESHAWAR,CITY,CANTT WARD 1,33004003,Yes,97.29,92.47,93.81,Good,-4.82,100,100,75,100,100,100,100,100,100,100,100,0,100,100,100,100,100
SNID Sep 2026,KP,CHARSADA,CHARSADDA,RAJJAR 2,33101019,Yes,95.9,88.89,90.6,Good,-7.01,100,100,75,75,100,100,100,100,100,100,87.5,85.71,100,100,62.5,93.75,100
SNID Sep 2026,KP,PESHAWAR,CITY,SHAHI BAGH,33004027,Yes,100,95.67,96.78,Good,-4.33,100,100,100,100,100,100,100,100,100,100,93.75,100,,100,100,87.5,100
SNID Sep 2026,KP,CHARSADA,CHARSADDA,GHONDA KARKANA,33101007,Yes,100,96.4,97.1,Good,-3.6,100,100,100,100,100,100,100,100,100,100,93.75,85.71,100,100,,100,100
SNID Sep 2026,KP,NOWSHERA,NOWSHERA,BARA BANDA,33202010,Yes,77.73,94.91,90.64,Good,17.18,100,100,100,100,0,0,100,100,100,83.33,100,100,100,100,83.33,100,75
SNID Sep 2026,KP,PESHAWAR,CITY,GULBAHAR,33004008,Yes,97.21,100,99.31,Good,2.79,100,100,75,100,100,100,100,100,100,100,100,100,100,100,100,100,100
SNID Sep 2026,KP,CHARSADA,CHARSADDA,MIRA PRANG,33101015,Yes,98.53,96,96.49,Good,-2.53,100,100,100,75,100,100,100,100,100,100,100,100,100,100,50,100,100
SNID Sep 2026,KP,NOWSHERA,JEHANGIRA,KAHI,33203006,Yes,85.59,96.68,93.73,Good,11.09,50,100,66.67,100,100,100,66.67,100,100,100,100,100,,100,100,87.5,100
SNID Sep 2026,KP,PESHAWAR,SHAH ALAM,WADPAGA,33007022,Yes,100,100,100,Good,0,100,100,100,100,100,100,100,100,100,100,100,100,100,100,100,100,100
SNID Sep 2026,KP,KHYBER,JAMRUD,ALI MASJID A,33402070,Yes,100,90,91.65,Good,-10,100,100,100,100,100,100,100,100,100,100,75,100,100,100,100,75,100
SNID Sep 2026,KP,MOHMAND,SAFI LAKARO,SANDO KHEL,33507025,Yes,91.68,90.43,90.75,Good,-1.25,75,100,100,75,100,100,100,66.67,100,,93.75,57.14,,100,,93.75,100
SNID Sep 2026,KP,PESHAWAR,SMT,YAKATOOT 2,33008017,Yes,98.53,100,99.61,Good,1.47,100,100,100,75,100,100,100,100,100,100,100,100,,100,100,100,100
SNID Sep 2026,KP,PESHAWAR,SADDAR,MUSAZAI,33006009,Yes,95.19,96.24,95.97,Good,1.05,75,100,100,100,100,100,100,100,100,83.33,100,100,0,100,100,100,100
SNID Sep 2026,KP,NOWSHERA,NOWSHERA,AZAKHEL BALA,33202006,Yes,76.87,93.03,88.9,Intermediate,16.16,100,100,100,100,100,0,100,66.67,100,83.33,100,100,100,100,75,100,62.5
SNID Sep 2026,KP,KHYBER,LANDI KOTAL,TORA WELA,33404077,Yes,100,,100,Good,,100,100,100,100,100,100,100,100,100,100,,,,,,,
SNID Sep 2026,KP,KHYBER,BARA,AKAKHEL MAIRA,33401104,Yes,98.52,96.61,96.99,Good,-1.91,100,100,100,75,100,100,100,100,100,100,100,100,100,100,,93.75,87.5
SNID Sep 2026,KP,NOWSHERA,NOWSHERA,NAWA KALY,33202034,Yes,100,97,97.79,Good,-3,100,100,100,100,100,100,100,100,100,100,87.5,100,,100,100,100,100
SNID Sep 2026,KP,CHARSADA,CHARSADDA,MC-1 CHARSADDA,33101010,Yes,88.93,45.43,56.55,Failed,-43.5,100,100,50,100,100,100,100,100,100,66.67,93.75,50,,0,0,37.5,62.5
SNID Sep 2026,KP,CHARSADA,CHARSADDA,BAHLOLA,33101002,Yes,94.4,94.79,94.68,Good,.39,100,100,100,100,100,100,100,100,100,66.67,100,100,,100,75,87.5,100
SNID Sep 2026,KP,PESHAWAR,CITY,UNIVERSITY TOWN,33004033,Yes,100,88.46,91.41,Good,-11.54,100,100,100,100,100,100,100,100,100,100,75,100,,100,100,75,100
SNID Sep 2026,KP,PESHAWAR,CITY,HASAN GARHI 2,33004011,Yes,100,100,100,Good,0,100,100,100,100,100,100,100,100,100,100,100,100,,100,100,100,100
SNID Sep 2026,KP,PESHAWAR,CITY,KARIM PURA,33004016,Yes,100,88.26,91.3,Good,-11.74,100,100,100,100,100,100,100,100,100,100,75,100,,100,100,75,100
SNID Sep 2026,KP,KHYBER,LANDI KOTAL,SULTAN KHEL B,33404074,Yes,97.72,98.1,98.06,Good,.38,75,100,100,100,100,100,100,100,100,100,100,100,,100,100,100,87.5
SNID Sep 2026,KP,CHARSADA,SHABQADAR,BATTAGRAM,33102001,Yes,51.51,78.98,72.07,Intermediate,27.47,100,100,50,0,100,100,0,0,100,,75,75,,100,,62.5,100
SNID Sep 2026,KP,NOWSHERA,PABBI,CHOKI MAMREZ,33204004,Yes,100,100,100,Good,0,100,100,100,100,100,100,100,100,100,100,100,100,,100,100,100,100
SNID Sep 2026,KP,PESHAWAR,SMT,DERI BAGHBANAN,33008005,Yes,100,100,100,Good,0,100,100,100,100,100,100,100,100,100,100,100,100,,100,100,100,100
SNID Sep 2026,KP,PESHAWAR,SADDAR,URMAR PAYAN,33006015,Yes,95.64,100,98.85,Good,4.36,100,100,100,25,100,100,100,100,100,100,100,100,100,100,100,100,100
SNID Sep 2026,KP,KHYBER,JAMRUD,NEW ABADI,33402077,Yes,100,100,100,Good,0,100,100,100,100,100,100,100,100,100,100,100,100,,100,100,100,100
SNID Sep 2026,KP,PESHAWAR,MATTANI,SARBAND,33005006,Yes,100,90,92.29,Good,-10,100,100,100,100,100,100,100,100,100,100,75,100,100,100,100,75,100
SNID Sep 2026,KP,MOHMAND,HALEEMZAI,KASSI,33503013,Yes,93.7,95.83,95.3,Good,2.13,100,100,75,100,100,100,100,100,33.33,100,100,100,0,100,100,100,100
SNID Sep 2026,KP,KHYBER,JAMRUD,CHAPARI,33402072,Yes,100,100,100,Good,0,100,100,100,100,100,100,100,100,100,100,100,100,100,100,100,100,100
SNID Sep 2026,KP,PESHAWAR,SMT,LANDI ARBAB,33008009,Yes,100,100,100,Good,0,100,100,100,100,100,100,100,100,100,100,100,100,,100,100,100,100
SNID Sep 2026,KP,NOWSHERA,PABBI,KHAN SHER GARHI KHU,33204009,Yes,79.21,67.59,70.68,Intermediate,-11.62,100,100,100,100,100,33.33,100,33.33,100,83.33,87.5,60,,75,50,68.75,50
SNID Sep 2026,KP,PESHAWAR,SHAH ALAM,PANAM DHERI,33007018,Yes,83.86,90.49,88.64,Intermediate,6.63,100,100,100,75,100,33.33,100,66.67,100,100,100,100,,100,100,100,37.5
SNID Sep 2026,KP,PESHAWAR,MATTANI,BAZID KHEL,33005002,Yes,100,100,100,Good,0,100,100,100,100,100,100,100,100,100,100,100,100,,100,100,100,100
SNID Sep 2026,KP,PESHAWAR,SADDAR,URMAR MIANA,33006014,Yes,100,91.39,93.58,Good,-8.61,100,100,100,100,100,100,100,100,100,100,87.5,100,100,100,62.5,100,100
SNID Sep 2026,KP,KHYBER,LANDI KOTAL,LOE SHALMAN B,33404068,Yes,100,98.3,98.72,Good,-1.7,100,100,100,100,100,100,100,100,100,,100,100,,100,,93.75,100
SNID Sep 2026,KP,MOHMAND,SAFI LAKARO,MAMAD GAT,33507022,Yes,84.84,87.23,86.62,Intermediate,2.39,75,100,75,50,100,100,100,100,33.33,50,93.75,62.5,,100,50,87.5,100
SNID Sep 2026,KP,KHYBER,LANDI KOTAL,SHEIKHMAL KHEL,33404071,Yes,97.05,100,99.17,Good,2.95,100,50,100,100,100,100,100,100,100,100,100,100,100,100,,100,100
SNID Sep 2026,KP,KHYBER,JAMRUD,SHAH KAS B,33402082,Yes,100,100,100,Good,0,100,100,100,100,100,100,100,100,100,100,100,100,,100,100,100,100
SNID Sep 2026,KP,CHARSADA,TANGI,GANDHERI,33103003,Yes,52.05,92.51,80.72,Intermediate,40.46,75,100,0,25,0,100,100,0,100,0,93.75,100,,75,50,100,100
SNID Sep 2026,KP,PESHAWAR,CITY,SIKANDAR TOWN,33004028,Yes,100,88.46,91.38,Good,-11.54,100,100,100,100,100,100,100,100,100,100,75,100,,100,100,75,100
SNID Sep 2026,KP,NOWSHERA,JEHANGIRA,MISRI BANDA,33203011,Yes,100,100,100,Good,0,100,100,100,100,100,100,100,100,100,100,100,100,,100,100,100,100
SNID Sep 2026,KP,PESHAWAR,CITY,MALAKANDHER,33004020,Yes,100,100,100,Good,0,100,100,100,100,100,100,100,100,100,100,100,100,,100,100,100,100
SNID Sep 2026,KP,PESHAWAR,SHAH ALAM,BUDHNI,33007001,Yes,100,100,100,Good,0,100,100,100,100,100,100,100,100,100,100,100,100,100,100,100,100,100
SNID Sep 2026,KP,CHARSADA,CHARSADDA,TURNAB,33101023,Yes,70.52,88.89,84.51,Intermediate,18.37,0,100,100,25,100,100,100,33.33,100,50,87.5,100,100,100,25,87.5,100
SNID Sep 2026,KP,PESHAWAR,SMT,SHAHEEN MUSLIM TWN2,33008013,Yes,100,100,100,Good,0,100,100,100,100,100,100,100,100,100,100,100,100,,100,100,100,100
SNID Sep 2026,KP,MOHMAND,HALEEMZAI,KAMALI,33503012,Yes,95.36,97.97,97.27,Good,2.61,100,100,75,75,100,100,100,100,100,100,100,85.71,,100,,100,100
SNID Sep 2026,KP,CHARSADA,SHABQADAR,PANJPAO,33102011,Yes,73.4,81.01,79.06,Intermediate,7.61,100,100,75,100,100,100,0,66.67,66.67,100,100,87.5,,100,62.5,50,100
SNID Sep 2026,KP,PESHAWAR,SADDAR,BADABER MARYAMZAI,33006004,Yes,100,98.15,98.61,Good,-1.85,100,100,100,100,100,100,100,100,100,100,100,100,100,100,87.5,100,100
SNID Sep 2026,KP,NOWSHERA,PABBI,TARRU JABBA,33204015,Yes,88.66,83,84.49,Intermediate,-5.66,100,100,100,100,100,33.33,100,100,100,100,87.5,100,,100,66.67,87.5,50
SNID Sep 2026,KP,NOWSHERA,NOWSHERA,ZIARAT KAKA SAHIB,33202047,Yes,72.73,100,92.92,Good,27.27,0,100,75,0,100,100,100,66.67,100,50,100,100,,100,100,100,100
SNID Sep 2026,KP,PESHAWAR,SHAH ALAM,JOGANI,33007007,Yes,82.08,100,95.29,Good,17.92,100,100,100,100,100,66.67,100,33.33,100,66.67,100,100,,100,100,100,100
SNID Sep 2026,KP,KHYBER,LANDI KOTAL,LOE SHALMAN A,33404067,Yes,100,100,100,Good,0,100,100,100,100,100,100,100,100,100,,100,100,,100,,100,100
SNID Sep 2026,KP,KHYBER,JAMRUD,TIDI BAZAR,33402084,Yes,100,100,100,Good,0,100,100,100,100,100,100,100,100,100,100,100,100,100,100,100,100,100
SNID Sep 2026,KP,KHYBER,LANDI KOTAL,KHUGA KHEL,33404066,Yes,82.8,100,96.73,Good,17.2,100,100,100,100,100,0,100,100,100,100,100,100,100,100,100,100,100
SNID Sep 2026,KP,MOHMAND,PANDIALI,PANDIALI,33505018,Yes,100,100,100,Good,0,100,100,100,100,100,100,100,100,100,,100,100,,100,,100,100
SNID Sep 2026,KP,MOHMAND,PANDIALI,TAMANZAI,33505019,Yes,100,,100,Good,,100,100,100,100,100,100,100,100,100,,,,,,,,
SNID Sep 2026,KP,PESHAWAR,MATTANI,SULEMAN KHEIL,33005009,Yes,97.76,100,99.5,Good,2.24,75,100,100,100,100,100,100,100,100,100,100,100,100,100,100,100,100
SNID Sep 2026,KP,CHARSADA,TANGI,MIRZA DHER,33103009,Yes,100,95.6,96.74,Good,-4.4,100,100,100,100,100,100,100,100,100,100,87.5,100,100,100,100,93.75,100
SNID Sep 2026,KP,PESHAWAR,SHAH ALAM,KANIZA,33007009,Yes,100,100,100,Good,0,100,100,100,100,100,100,100,100,100,100,100,100,100,100,100,100,100
SNID Sep 2026,KP,PESHAWAR,SADDAR,ADEZAI,33006001,Yes,97.2,100,99.28,Good,2.8,100,100,100,100,100,100,100,100,100,83.33,100,100,,100,100,100,100
SNID Sep 2026,KP,MOHMAND,EKKAGHUND,EKKAGHUND,33502014,Yes,87.75,98.44,95.54,Good,10.69,100,100,100,100,100,100,100,33.33,100,66.67,93.75,100,,100,100,100,100
SNID Sep 2026,KP,PESHAWAR,SMT,WAZIR BAGH,33008015,Yes,100,100,100,Good,0,100,100,100,100,100,100,100,100,100,100,100,100,100,100,100,100,100
SNID Sep 2026,KP,NOWSHERA,NOWSHERA,RASHAKAI,33202041,Yes,100,94.23,95.7,Good,-5.77,100,100,100,100,100,100,100,100,100,100,81.25,100,,100,100,93.75,100
SNID Sep 2026,KP,MOHMAND,HALEEMZAI,GHALLANAI,33503011,Yes,100,93.63,95.24,Good,-6.37,100,100,100,100,100,100,100,100,100,100,100,85.71,0,100,,100,100
SNID Sep 2026,KP,KHYBER,LANDI KOTAL,SULTAN KHEL A,33404073,Yes,,100,100,Good,,,,,,,,,,,,100,100,,100,100,100,100
